id_file,reg,variable,year,val,file
1,CAN,ESHI,2000,1,inner_GLOBIOM_LUCC_sample_v3_scen1.csv
1,USA,ESHI,2000,1,inner_GLOBIOM_LUCC_sample_v3_scen1.csv
1,BRA,ESHI,2000,1,inner_GLOBIOM_LUCC_sample_v3_scen1.csv
1,OSA,ESHI,2000,1,inner_GLOBIOM_LUCC_sample_v3_scen1.csv
1,FSU,ESHI,2000,1,inner_GLOBIOM_LUCC_sample_v3_scen1.csv
1,EUR,ESHI,2000,1,inner_GLOBIOM_LUCC_sample_v3_scen1.csv
1,MEN,ESHI,2000,1,inner_GLOBIOM_LUCC_sample_v3_scen1.csv
1,SSA,ESHI,2000,1,inner_GLOBIOM_LUCC_sample_v3_scen1.csv
1,CHN,ESHI,2000,1,inner_GLOBIOM_LUCC_sample_v3_scen1.csv
1,IND,ESHI,2000,1,inner_GLOBIOM_LUCC_sample_v3_scen1.csv
1,SEA,ESHI,2000,1,inner_GLOBIOM_LUCC_sample_v3_scen1.csv
1,OAS,ESHI,2000,1,inner_GLOBIOM_LUCC_sample_v3_scen1.csv
1,ANZ,ESHI,2000,1,inner_GLOBIOM_LUCC_sample_v3_scen1.csv
1,NAM,ESHI,2000,1,inner_GLOBIOM_LUCC_sample_v3_scen1.csv
1,OAM,ESHI,2000,1,inner_GLOBIOM_LUCC_sample_v3_scen1.csv
1,AME,ESHI,2000,1,inner_GLOBIOM_LUCC_sample_v3_scen1.csv
1,SAS,ESHI,2000,1,inner_GLOBIOM_LUCC_sample_v3_scen1.csv
1,WLD,ESHI,2000,1,inner_GLOBIOM_LUCC_sample_v3_scen1.csv
1,EUE,ESHI,2000,1,inner_GLOBIOM_LUCC_sample_v3_scen1.csv
1,CAN,ESHI,2010,1,inner_GLOBIOM_LUCC_sample_v3_scen1.csv
1,USA,ESHI,2010,1,inner_GLOBIOM_LUCC_sample_v3_scen1.csv
1,BRA,ESHI,2010,1,inner_GLOBIOM_LUCC_sample_v3_scen1.csv
1,OSA,ESHI,2010,1,inner_GLOBIOM_LUCC_sample_v3_scen1.csv
1,FSU,ESHI,2010,1,inner_GLOBIOM_LUCC_sample_v3_scen1.csv
1,EUR,ESHI,2010,1,inner_GLOBIOM_LUCC_sample_v3_scen1.csv
1,MEN,ESHI,2010,1,inner_GLOBIOM_LUCC_sample_v3_scen1.csv
1,SSA,ESHI,2010,1,inner_GLOBIOM_LUCC_sample_v3_scen1.csv
1,CHN,ESHI,2010,1,inner_GLOBIOM_LUCC_sample_v3_scen1.csv
1,IND,ESHI,2010,1,inner_GLOBIOM_LUCC_sample_v3_scen1.csv
1,SEA,ESHI,2010,1,inner_GLOBIOM_LUCC_sample_v3_scen1.csv
1,OAS,ESHI,2010,1,inner_GLOBIOM_LUCC_sample_v3_scen1.csv
1,ANZ,ESHI,2010,1,inner_GLOBIOM_LUCC_sample_v3_scen1.csv
1,NAM,ESHI,2010,1,inner_GLOBIOM_LUCC_sample_v3_scen1.csv
1,OAM,ESHI,2010,1,inner_GLOBIOM_LUCC_sample_v3_scen1.csv
1,AME,ESHI,2010,1,inner_GLOBIOM_LUCC_sample_v3_scen1.csv
1,SAS,ESHI,2010,1,inner_GLOBIOM_LUCC_sample_v3_scen1.csv
1,WLD,ESHI,2010,1,inner_GLOBIOM_LUCC_sample_v3_scen1.csv
1,EUE,ESHI,2010,1,inner_GLOBIOM_LUCC_sample_v3_scen1.csv
1,CAN,ESHI,2020,0.97179431519433,inner_GLOBIOM_LUCC_sample_v3_scen1.csv
1,USA,ESHI,2020,0.991714292972492,inner_GLOBIOM_LUCC_sample_v3_scen1.csv
1,BRA,ESHI,2020,0.995384541610482,inner_GLOBIOM_LUCC_sample_v3_scen1.csv
1,OSA,ESHI,2020,0.993202414156552,inner_GLOBIOM_LUCC_sample_v3_scen1.csv
1,FSU,ESHI,2020,0.997469114867264,inner_GLOBIOM_LUCC_sample_v3_scen1.csv
1,EUR,ESHI,2020,0.989432226469378,inner_GLOBIOM_LUCC_sample_v3_scen1.csv
1,MEN,ESHI,2020,0.931996957317267,inner_GLOBIOM_LUCC_sample_v3_scen1.csv
1,SSA,ESHI,2020,0.981132697213383,inner_GLOBIOM_LUCC_sample_v3_scen1.csv
1,CHN,ESHI,2020,0.875334676514911,inner_GLOBIOM_LUCC_sample_v3_scen1.csv
1,IND,ESHI,2020,0.946057211741748,inner_GLOBIOM_LUCC_sample_v3_scen1.csv
1,SEA,ESHI,2020,0.978845096682904,inner_GLOBIOM_LUCC_sample_v3_scen1.csv
1,OAS,ESHI,2020,0.958638489657693,inner_GLOBIOM_LUCC_sample_v3_scen1.csv
1,ANZ,ESHI,2020,0.997250928745109,inner_GLOBIOM_LUCC_sample_v3_scen1.csv
1,NAM,ESHI,2020,0.988855459696082,inner_GLOBIOM_LUCC_sample_v3_scen1.csv
1,OAM,ESHI,2020,0.994319038060422,inner_GLOBIOM_LUCC_sample_v3_scen1.csv
1,AME,ESHI,2020,0.970965179978228,inner_GLOBIOM_LUCC_sample_v3_scen1.csv
1,SAS,ESHI,2020,0.959774942875184,inner_GLOBIOM_LUCC_sample_v3_scen1.csv
1,WLD,ESHI,2020,0.978263406974941,inner_GLOBIOM_LUCC_sample_v3_scen1.csv
1,EUE,ESHI,2020,0.989569748287059,inner_GLOBIOM_LUCC_sample_v3_scen1.csv
1,CAN,ESHI,2030,0.942160769271842,inner_GLOBIOM_LUCC_sample_v3_scen1.csv
1,USA,ESHI,2030,0.927190701362806,inner_GLOBIOM_LUCC_sample_v3_scen1.csv
1,BRA,ESHI,2030,0.974006411119602,inner_GLOBIOM_LUCC_sample_v3_scen1.csv
1,OSA,ESHI,2030,0.965335881585977,inner_GLOBIOM_LUCC_sample_v3_scen1.csv
1,FSU,ESHI,2030,0.952958679440215,inner_GLOBIOM_LUCC_sample_v3_scen1.csv
1,EUR,ESHI,2030,0.92663722442266,inner_GLOBIOM_LUCC_sample_v3_scen1.csv
1,MEN,ESHI,2030,0.737138522596509,inner_GLOBIOM_LUCC_sample_v3_scen1.csv
1,SSA,ESHI,2030,0.815259461320716,inner_GLOBIOM_LUCC_sample_v3_scen1.csv
1,CHN,ESHI,2030,0.729137818046759,inner_GLOBIOM_LUCC_sample_v3_scen1.csv
1,IND,ESHI,2030,0.608387492793056,inner_GLOBIOM_LUCC_sample_v3_scen1.csv
1,SEA,ESHI,2030,0.918458108018986,inner_GLOBIOM_LUCC_sample_v3_scen1.csv
1,OAS,ESHI,2030,0.71764430656943,inner_GLOBIOM_LUCC_sample_v3_scen1.csv
1,ANZ,ESHI,2030,0.976566693460929,inner_GLOBIOM_LUCC_sample_v3_scen1.csv
1,NAM,ESHI,2030,0.928501909153147,inner_GLOBIOM_LUCC_sample_v3_scen1.csv
1,OAM,ESHI,2030,0.968997272504607,inner_GLOBIOM_LUCC_sample_v3_scen1.csv
1,AME,ESHI,2030,0.793066353372906,inner_GLOBIOM_LUCC_sample_v3_scen1.csv
1,SAS,ESHI,2030,0.849605745052344,inner_GLOBIOM_LUCC_sample_v3_scen1.csv
1,WLD,ESHI,2030,0.883825361739142,inner_GLOBIOM_LUCC_sample_v3_scen1.csv
1,EUE,ESHI,2030,0.924187825559993,inner_GLOBIOM_LUCC_sample_v3_scen1.csv
1,CAN,ESHI,2040,0.894058734237117,inner_GLOBIOM_LUCC_sample_v3_scen1.csv
1,USA,ESHI,2040,0.855457876345136,inner_GLOBIOM_LUCC_sample_v3_scen1.csv
1,BRA,ESHI,2040,0.965216815026567,inner_GLOBIOM_LUCC_sample_v3_scen1.csv
1,OSA,ESHI,2040,0.960939799205959,inner_GLOBIOM_LUCC_sample_v3_scen1.csv
1,FSU,ESHI,2040,0.912664778950382,inner_GLOBIOM_LUCC_sample_v3_scen1.csv
1,EUR,ESHI,2040,0.890697378729656,inner_GLOBIOM_LUCC_sample_v3_scen1.csv
1,MEN,ESHI,2040,0.623441313291577,inner_GLOBIOM_LUCC_sample_v3_scen1.csv
1,SSA,ESHI,2040,0.761272149818679,inner_GLOBIOM_LUCC_sample_v3_scen1.csv
1,CHN,ESHI,2040,0.598555322919422,inner_GLOBIOM_LUCC_sample_v3_scen1.csv
1,IND,ESHI,2040,0.604466814755284,inner_GLOBIOM_LUCC_sample_v3_scen1.csv
1,SEA,ESHI,2040,0.780844612764016,inner_GLOBIOM_LUCC_sample_v3_scen1.csv
1,OAS,ESHI,2040,0.666526951720381,inner_GLOBIOM_LUCC_sample_v3_scen1.csv
1,ANZ,ESHI,2040,0.95121974107418,inner_GLOBIOM_LUCC_sample_v3_scen1.csv
1,NAM,ESHI,2040,0.859212887489585,inner_GLOBIOM_LUCC_sample_v3_scen1.csv
1,OAM,ESHI,2040,0.962618083699416,inner_GLOBIOM_LUCC_sample_v3_scen1.csv
1,AME,ESHI,2040,0.730861208119019,inner_GLOBIOM_LUCC_sample_v3_scen1.csv
1,SAS,ESHI,2040,0.715863740693284,inner_GLOBIOM_LUCC_sample_v3_scen1.csv
1,WLD,ESHI,2040,0.817557120345939,inner_GLOBIOM_LUCC_sample_v3_scen1.csv
1,EUE,ESHI,2040,0.88942042089057,inner_GLOBIOM_LUCC_sample_v3_scen1.csv
1,CAN,ESHI,2050,0.836088357426873,inner_GLOBIOM_LUCC_sample_v3_scen1.csv
1,USA,ESHI,2050,0.807652690298146,inner_GLOBIOM_LUCC_sample_v3_scen1.csv
1,BRA,ESHI,2050,0.955752994379656,inner_GLOBIOM_LUCC_sample_v3_scen1.csv
1,OSA,ESHI,2050,0.962400209463078,inner_GLOBIOM_LUCC_sample_v3_scen1.csv
1,FSU,ESHI,2050,0.881136151502444,inner_GLOBIOM_LUCC_sample_v3_scen1.csv
1,EUR,ESHI,2050,0.863102426198266,inner_GLOBIOM_LUCC_sample_v3_scen1.csv
1,MEN,ESHI,2050,0.548283417649525,inner_GLOBIOM_LUCC_sample_v3_scen1.csv
1,SSA,ESHI,2050,0.769998300011702,inner_GLOBIOM_LUCC_sample_v3_scen1.csv
1,CHN,ESHI,2050,0.443149905850141,inner_GLOBIOM_LUCC_sample_v3_scen1.csv
1,IND,ESHI,2050,0.326412642705484,inner_GLOBIOM_LUCC_sample_v3_scen1.csv
1,SEA,ESHI,2050,0.665323929185484,inner_GLOBIOM_LUCC_sample_v3_scen1.csv
1,OAS,ESHI,2050,0.493862656030535,inner_GLOBIOM_LUCC_sample_v3_scen1.csv
1,ANZ,ESHI,2050,0.933837815506377,inner_GLOBIOM_LUCC_sample_v3_scen1.csv
1,NAM,ESHI,2050,0.821893561479493,inner_GLOBIOM_LUCC_sample_v3_scen1.csv
1,OAM,ESHI,2050,0.962733490255443,inner_GLOBIOM_LUCC_sample_v3_scen1.csv
1,AME,ESHI,2050,0.722734632273792,inner_GLOBIOM_LUCC_sample_v3_scen1.csv
1,SAS,ESHI,2050,0.595834914656932,inner_GLOBIOM_LUCC_sample_v3_scen1.csv
1,WLD,ESHI,2050,0.77516208262418,inner_GLOBIOM_LUCC_sample_v3_scen1.csv
1,EUE,ESHI,2050,0.868552144439514,inner_GLOBIOM_LUCC_sample_v3_scen1.csv
1,CAN,RLI,2000,0.980327868852459,inner_GLOBIOM_LUCC_sample_v3_scen1.csv
1,USA,RLI,2000,0.95984555984556,inner_GLOBIOM_LUCC_sample_v3_scen1.csv
1,BRA,RLI,2000,0.997446808510638,inner_GLOBIOM_LUCC_sample_v3_scen1.csv
1,OSA,RLI,2000,0.975314861460957,inner_GLOBIOM_LUCC_sample_v3_scen1.csv
1,FSU,RLI,2000,0.900334448160535,inner_GLOBIOM_LUCC_sample_v3_scen1.csv
1,EUR,RLI,2000,0.954166666666667,inner_GLOBIOM_LUCC_sample_v3_scen1.csv
1,MEN,RLI,2000,0.863519313304721,inner_GLOBIOM_LUCC_sample_v3_scen1.csv
1,SSA,RLI,2000,0.967341430499325,inner_GLOBIOM_LUCC_sample_v3_scen1.csv
1,CHN,RLI,2000,0.958150851581508,inner_GLOBIOM_LUCC_sample_v3_scen1.csv
1,IND,RLI,2000,0.940909090909091,inner_GLOBIOM_LUCC_sample_v3_scen1.csv
1,SEA,RLI,2000,0.987888707037643,inner_GLOBIOM_LUCC_sample_v3_scen1.csv
1,OAS,RLI,2000,0.949305555555556,inner_GLOBIOM_LUCC_sample_v3_scen1.csv
1,ANZ,RLI,2000,0.937297297297297,inner_GLOBIOM_LUCC_sample_v3_scen1.csv
1,NAM,RLI,2000,0.961977186311787,inner_GLOBIOM_LUCC_sample_v3_scen1.csv
1,OAM,RLI,2000,0.978073089700997,inner_GLOBIOM_LUCC_sample_v3_scen1.csv
1,AME,RLI,2000,0.95902004454343,inner_GLOBIOM_LUCC_sample_v3_scen1.csv
1,SAS,RLI,2000,0.967521367521368,inner_GLOBIOM_LUCC_sample_v3_scen1.csv
1,WLD,RLI,2000,0.967217727752374,inner_GLOBIOM_LUCC_sample_v3_scen1.csv
1,EUE,RLI,2000,0.959712230215827,inner_GLOBIOM_LUCC_sample_v3_scen1.csv
1,CAN,RLI,2010,0.980327868852459,inner_GLOBIOM_LUCC_sample_v3_scen1.csv
1,USA,RLI,2010,0.95984555984556,inner_GLOBIOM_LUCC_sample_v3_scen1.csv
1,BRA,RLI,2010,0.997446808510638,inner_GLOBIOM_LUCC_sample_v3_scen1.csv
1,OSA,RLI,2010,0.975314861460957,inner_GLOBIOM_LUCC_sample_v3_scen1.csv
1,FSU,RLI,2010,0.900334448160535,inner_GLOBIOM_LUCC_sample_v3_scen1.csv
1,EUR,RLI,2010,0.954166666666667,inner_GLOBIOM_LUCC_sample_v3_scen1.csv
1,MEN,RLI,2010,0.863519313304721,inner_GLOBIOM_LUCC_sample_v3_scen1.csv
1,SSA,RLI,2010,0.967341430499325,inner_GLOBIOM_LUCC_sample_v3_scen1.csv
1,CHN,RLI,2010,0.958150851581508,inner_GLOBIOM_LUCC_sample_v3_scen1.csv
1,IND,RLI,2010,0.940909090909091,inner_GLOBIOM_LUCC_sample_v3_scen1.csv
1,SEA,RLI,2010,0.987888707037643,inner_GLOBIOM_LUCC_sample_v3_scen1.csv
1,OAS,RLI,2010,0.949305555555556,inner_GLOBIOM_LUCC_sample_v3_scen1.csv
1,ANZ,RLI,2010,0.937297297297297,inner_GLOBIOM_LUCC_sample_v3_scen1.csv
1,NAM,RLI,2010,0.961977186311787,inner_GLOBIOM_LUCC_sample_v3_scen1.csv
1,OAM,RLI,2010,0.978073089700997,inner_GLOBIOM_LUCC_sample_v3_scen1.csv
1,AME,RLI,2010,0.95902004454343,inner_GLOBIOM_LUCC_sample_v3_scen1.csv
1,SAS,RLI,2010,0.967521367521368,inner_GLOBIOM_LUCC_sample_v3_scen1.csv
1,WLD,RLI,2010,0.967217727752374,inner_GLOBIOM_LUCC_sample_v3_scen1.csv
1,EUE,RLI,2010,0.959712230215827,inner_GLOBIOM_LUCC_sample_v3_scen1.csv
1,OAS,RLI,2020,0.915972222222222,inner_GLOBIOM_LUCC_sample_v3_scen1.csv
1,ANZ,RLI,2020,0.935135135135135,inner_GLOBIOM_LUCC_sample_v3_scen1.csv
1,NAM,RLI,2020,0.959695817490494,inner_GLOBIOM_LUCC_sample_v3_scen1.csv
1,OAM,RLI,2020,0.976965669988926,inner_GLOBIOM_LUCC_sample_v3_scen1.csv
1,AME,RLI,2020,0.948775055679287,inner_GLOBIOM_LUCC_sample_v3_scen1.csv
1,SAS,RLI,2020,0.960683760683761,inner_GLOBIOM_LUCC_sample_v3_scen1.csv
1,WLD,RLI,2020,0.963067182553641,inner_GLOBIOM_LUCC_sample_v3_scen1.csv
1,EUE,RLI,2020,0.953956834532374,inner_GLOBIOM_LUCC_sample_v3_scen1.csv
1,CAN,RLI,2020,0.965573770491803,inner_GLOBIOM_LUCC_sample_v3_scen1.csv
1,USA,RLI,2020,0.957528957528958,inner_GLOBIOM_LUCC_sample_v3_scen1.csv
1,BRA,RLI,2020,0.995744680851064,inner_GLOBIOM_LUCC_sample_v3_scen1.csv
1,OSA,RLI,2020,0.973299748110831,inner_GLOBIOM_LUCC_sample_v3_scen1.csv
1,FSU,RLI,2020,0.898327759197324,inner_GLOBIOM_LUCC_sample_v3_scen1.csv
1,EUR,RLI,2020,0.948611111111111,inner_GLOBIOM_LUCC_sample_v3_scen1.csv
1,MEN,RLI,2020,0.833476394849785,inner_GLOBIOM_LUCC_sample_v3_scen1.csv
1,SSA,RLI,2020,0.962483130904184,inner_GLOBIOM_LUCC_sample_v3_scen1.csv
1,CHN,RLI,2020,0.897810218978102,inner_GLOBIOM_LUCC_sample_v3_scen1.csv
1,IND,RLI,2020,0.904545454545455,inner_GLOBIOM_LUCC_sample_v3_scen1.csv
1,SEA,RLI,2020,0.983633387888707,inner_GLOBIOM_LUCC_sample_v3_scen1.csv
1,CAN,RLI,2030,0.949180327868852,inner_GLOBIOM_LUCC_sample_v3_scen1.csv
1,USA,RLI,2030,0.918918918918919,inner_GLOBIOM_LUCC_sample_v3_scen1.csv
1,BRA,RLI,2030,0.99063829787234,inner_GLOBIOM_LUCC_sample_v3_scen1.csv
1,OSA,RLI,2030,0.969773299748111,inner_GLOBIOM_LUCC_sample_v3_scen1.csv
1,FSU,RLI,2030,0.864882943143813,inner_GLOBIOM_LUCC_sample_v3_scen1.csv
1,EUR,RLI,2030,0.931944444444444,inner_GLOBIOM_LUCC_sample_v3_scen1.csv
1,MEN,RLI,2030,0.685836909871245,inner_GLOBIOM_LUCC_sample_v3_scen1.csv
1,SSA,RLI,2030,0.906882591093117,inner_GLOBIOM_LUCC_sample_v3_scen1.csv
1,CHN,RLI,2030,0.7669099756691,inner_GLOBIOM_LUCC_sample_v3_scen1.csv
1,IND,RLI,2030,0.69469696969697,inner_GLOBIOM_LUCC_sample_v3_scen1.csv
1,SEA,RLI,2030,0.966284779050737,inner_GLOBIOM_LUCC_sample_v3_scen1.csv
1,OAS,RLI,2030,0.823611111111111,inner_GLOBIOM_LUCC_sample_v3_scen1.csv
1,ANZ,RLI,2030,0.934054054054054,inner_GLOBIOM_LUCC_sample_v3_scen1.csv
1,NAM,RLI,2030,0.92319391634981,inner_GLOBIOM_LUCC_sample_v3_scen1.csv
1,OAM,RLI,2030,0.972535991140642,inner_GLOBIOM_LUCC_sample_v3_scen1.csv
1,AME,RLI,2030,0.873496659242762,inner_GLOBIOM_LUCC_sample_v3_scen1.csv
1,SAS,RLI,2030,0.881562881562882,inner_GLOBIOM_LUCC_sample_v3_scen1.csv
1,WLD,RLI,2030,0.919662328526205,inner_GLOBIOM_LUCC_sample_v3_scen1.csv
1,EUE,RLI,2030,0.935251798561151,inner_GLOBIOM_LUCC_sample_v3_scen1.csv
1,CAN,RLI,2040,0.932786885245902,inner_GLOBIOM_LUCC_sample_v3_scen1.csv
1,USA,RLI,2040,0.897297297297297,inner_GLOBIOM_LUCC_sample_v3_scen1.csv
1,BRA,RLI,2040,0.992340425531915,inner_GLOBIOM_LUCC_sample_v3_scen1.csv
1,OSA,RLI,2040,0.969269521410579,inner_GLOBIOM_LUCC_sample_v3_scen1.csv
1,FSU,RLI,2040,0.858862876254181,inner_GLOBIOM_LUCC_sample_v3_scen1.csv
1,EUR,RLI,2040,0.920833333333333,inner_GLOBIOM_LUCC_sample_v3_scen1.csv
1,MEN,RLI,2040,0.618884120171674,inner_GLOBIOM_LUCC_sample_v3_scen1.csv
1,SSA,RLI,2040,0.881781376518219,inner_GLOBIOM_LUCC_sample_v3_scen1.csv
1,CHN,RLI,2040,0.690024330900243,inner_GLOBIOM_LUCC_sample_v3_scen1.csv
1,IND,RLI,2040,0.679545454545455,inner_GLOBIOM_LUCC_sample_v3_scen1.csv
1,SEA,RLI,2040,0.846808510638298,inner_GLOBIOM_LUCC_sample_v3_scen1.csv
1,OAS,RLI,2040,0.790972222222222,inner_GLOBIOM_LUCC_sample_v3_scen1.csv
1,ANZ,RLI,2040,0.926486486486486,inner_GLOBIOM_LUCC_sample_v3_scen1.csv
1,NAM,RLI,2040,0.903422053231939,inner_GLOBIOM_LUCC_sample_v3_scen1.csv
1,OAM,RLI,2040,0.972093023255814,inner_GLOBIOM_LUCC_sample_v3_scen1.csv
1,AME,RLI,2040,0.842316258351893,inner_GLOBIOM_LUCC_sample_v3_scen1.csv
1,SAS,RLI,2040,0.771916971916972,inner_GLOBIOM_LUCC_sample_v3_scen1.csv
1,WLD,RLI,2040,0.878578965881112,inner_GLOBIOM_LUCC_sample_v3_scen1.csv
1,EUE,RLI,2040,0.925179856115108,inner_GLOBIOM_LUCC_sample_v3_scen1.csv
1,OSA,RLI,2050,0.97103274559194,inner_GLOBIOM_LUCC_sample_v3_scen1.csv
1,FSU,RLI,2050,0.846822742474916,inner_GLOBIOM_LUCC_sample_v3_scen1.csv
1,EUR,RLI,2050,0.884722222222222,inner_GLOBIOM_LUCC_sample_v3_scen1.csv
1,MEN,RLI,2050,0.578540772532189,inner_GLOBIOM_LUCC_sample_v3_scen1.csv
1,CAN,RLI,2050,0.89672131147541,inner_GLOBIOM_LUCC_sample_v3_scen1.csv
1,SSA,RLI,2050,0.815384615384615,inner_GLOBIOM_LUCC_sample_v3_scen1.csv
1,USA,RLI,2050,0.874131274131274,inner_GLOBIOM_LUCC_sample_v3_scen1.csv
1,CHN,RLI,2050,0.627737226277372,inner_GLOBIOM_LUCC_sample_v3_scen1.csv
1,BRA,RLI,2050,0.987659574468085,inner_GLOBIOM_LUCC_sample_v3_scen1.csv
1,IND,RLI,2050,0.597727272727273,inner_GLOBIOM_LUCC_sample_v3_scen1.csv
1,SAS,RLI,2050,0.702808302808303,inner_GLOBIOM_LUCC_sample_v3_scen1.csv
1,SEA,RLI,2050,0.762356792144026,inner_GLOBIOM_LUCC_sample_v3_scen1.csv
1,WLD,RLI,2050,0.83904326415758,inner_GLOBIOM_LUCC_sample_v3_scen1.csv
1,OAS,RLI,2050,0.761805555555556,inner_GLOBIOM_LUCC_sample_v3_scen1.csv
1,EUE,RLI,2050,0.902158273381295,inner_GLOBIOM_LUCC_sample_v3_scen1.csv
1,ANZ,RLI,2050,0.917837837837838,inner_GLOBIOM_LUCC_sample_v3_scen1.csv
1,NAM,RLI,2050,0.884410646387833,inner_GLOBIOM_LUCC_sample_v3_scen1.csv
1,OAM,RLI,2050,0.974307862679956,inner_GLOBIOM_LUCC_sample_v3_scen1.csv
1,AME,RLI,2050,0.778173719376392,inner_GLOBIOM_LUCC_sample_v3_scen1.csv
1,CAN,NSpeciesExtinctAtFirstYear,2000,2,inner_GLOBIOM_LUCC_sample_v3_scen1.csv
1,USA,NSpeciesExtinctAtFirstYear,2000,9,inner_GLOBIOM_LUCC_sample_v3_scen1.csv
1,BRA,NSpeciesExtinctAtFirstYear,2000,0,inner_GLOBIOM_LUCC_sample_v3_scen1.csv
1,OSA,NSpeciesExtinctAtFirstYear,2000,17,inner_GLOBIOM_LUCC_sample_v3_scen1.csv
1,FSU,NSpeciesExtinctAtFirstYear,2000,24,inner_GLOBIOM_LUCC_sample_v3_scen1.csv
1,EUR,NSpeciesExtinctAtFirstYear,2000,5,inner_GLOBIOM_LUCC_sample_v3_scen1.csv
1,MEN,NSpeciesExtinctAtFirstYear,2000,25,inner_GLOBIOM_LUCC_sample_v3_scen1.csv
1,SSA,NSpeciesExtinctAtFirstYear,2000,18,inner_GLOBIOM_LUCC_sample_v3_scen1.csv
1,CHN,NSpeciesExtinctAtFirstYear,2000,13,inner_GLOBIOM_LUCC_sample_v3_scen1.csv
1,IND,NSpeciesExtinctAtFirstYear,2000,8,inner_GLOBIOM_LUCC_sample_v3_scen1.csv
1,SEA,NSpeciesExtinctAtFirstYear,2000,4,inner_GLOBIOM_LUCC_sample_v3_scen1.csv
1,OAS,NSpeciesExtinctAtFirstYear,2000,6,inner_GLOBIOM_LUCC_sample_v3_scen1.csv
1,ANZ,NSpeciesExtinctAtFirstYear,2000,11,inner_GLOBIOM_LUCC_sample_v3_scen1.csv
1,NAM,NSpeciesExtinctAtFirstYear,2000,9,inner_GLOBIOM_LUCC_sample_v3_scen1.csv
1,OAM,NSpeciesExtinctAtFirstYear,2000,17,inner_GLOBIOM_LUCC_sample_v3_scen1.csv
1,AME,NSpeciesExtinctAtFirstYear,2000,30,inner_GLOBIOM_LUCC_sample_v3_scen1.csv
1,SAS,NSpeciesExtinctAtFirstYear,2000,20,inner_GLOBIOM_LUCC_sample_v3_scen1.csv
1,WLD,NSpeciesExtinctAtFirstYear,2000,83,inner_GLOBIOM_LUCC_sample_v3_scen1.csv
1,EUE,NSpeciesExtinctAtFirstYear,2000,4,inner_GLOBIOM_LUCC_sample_v3_scen1.csv
1,CAN,NSpeciesExtinctAtFirstYear,2010,2,inner_GLOBIOM_LUCC_sample_v3_scen1.csv
1,USA,NSpeciesExtinctAtFirstYear,2010,9,inner_GLOBIOM_LUCC_sample_v3_scen1.csv
1,BRA,NSpeciesExtinctAtFirstYear,2010,0,inner_GLOBIOM_LUCC_sample_v3_scen1.csv
1,OSA,NSpeciesExtinctAtFirstYear,2010,17,inner_GLOBIOM_LUCC_sample_v3_scen1.csv
1,FSU,NSpeciesExtinctAtFirstYear,2010,24,inner_GLOBIOM_LUCC_sample_v3_scen1.csv
1,EUR,NSpeciesExtinctAtFirstYear,2010,5,inner_GLOBIOM_LUCC_sample_v3_scen1.csv
1,MEN,NSpeciesExtinctAtFirstYear,2010,25,inner_GLOBIOM_LUCC_sample_v3_scen1.csv
1,SSA,NSpeciesExtinctAtFirstYear,2010,18,inner_GLOBIOM_LUCC_sample_v3_scen1.csv
1,CHN,NSpeciesExtinctAtFirstYear,2010,13,inner_GLOBIOM_LUCC_sample_v3_scen1.csv
1,IND,NSpeciesExtinctAtFirstYear,2010,8,inner_GLOBIOM_LUCC_sample_v3_scen1.csv
1,SEA,NSpeciesExtinctAtFirstYear,2010,4,inner_GLOBIOM_LUCC_sample_v3_scen1.csv
1,OAS,NSpeciesExtinctAtFirstYear,2010,6,inner_GLOBIOM_LUCC_sample_v3_scen1.csv
1,ANZ,NSpeciesExtinctAtFirstYear,2010,11,inner_GLOBIOM_LUCC_sample_v3_scen1.csv
1,NAM,NSpeciesExtinctAtFirstYear,2010,9,inner_GLOBIOM_LUCC_sample_v3_scen1.csv
1,OAM,NSpeciesExtinctAtFirstYear,2010,17,inner_GLOBIOM_LUCC_sample_v3_scen1.csv
1,AME,NSpeciesExtinctAtFirstYear,2010,30,inner_GLOBIOM_LUCC_sample_v3_scen1.csv
1,SAS,NSpeciesExtinctAtFirstYear,2010,20,inner_GLOBIOM_LUCC_sample_v3_scen1.csv
1,WLD,NSpeciesExtinctAtFirstYear,2010,83,inner_GLOBIOM_LUCC_sample_v3_scen1.csv
1,EUE,NSpeciesExtinctAtFirstYear,2010,4,inner_GLOBIOM_LUCC_sample_v3_scen1.csv
1,CAN,NSpeciesExtinctAtFirstYear,2020,2,inner_GLOBIOM_LUCC_sample_v3_scen1.csv
1,USA,NSpeciesExtinctAtFirstYear,2020,9,inner_GLOBIOM_LUCC_sample_v3_scen1.csv
1,BRA,NSpeciesExtinctAtFirstYear,2020,0,inner_GLOBIOM_LUCC_sample_v3_scen1.csv
1,OSA,NSpeciesExtinctAtFirstYear,2020,17,inner_GLOBIOM_LUCC_sample_v3_scen1.csv
1,FSU,NSpeciesExtinctAtFirstYear,2020,24,inner_GLOBIOM_LUCC_sample_v3_scen1.csv
1,EUR,NSpeciesExtinctAtFirstYear,2020,5,inner_GLOBIOM_LUCC_sample_v3_scen1.csv
1,MEN,NSpeciesExtinctAtFirstYear,2020,25,inner_GLOBIOM_LUCC_sample_v3_scen1.csv
1,SSA,NSpeciesExtinctAtFirstYear,2020,18,inner_GLOBIOM_LUCC_sample_v3_scen1.csv
1,CHN,NSpeciesExtinctAtFirstYear,2020,13,inner_GLOBIOM_LUCC_sample_v3_scen1.csv
1,IND,NSpeciesExtinctAtFirstYear,2020,8,inner_GLOBIOM_LUCC_sample_v3_scen1.csv
1,SEA,NSpeciesExtinctAtFirstYear,2020,4,inner_GLOBIOM_LUCC_sample_v3_scen1.csv
1,OAS,NSpeciesExtinctAtFirstYear,2020,6,inner_GLOBIOM_LUCC_sample_v3_scen1.csv
1,ANZ,NSpeciesExtinctAtFirstYear,2020,11,inner_GLOBIOM_LUCC_sample_v3_scen1.csv
1,NAM,NSpeciesExtinctAtFirstYear,2020,9,inner_GLOBIOM_LUCC_sample_v3_scen1.csv
1,OAM,NSpeciesExtinctAtFirstYear,2020,17,inner_GLOBIOM_LUCC_sample_v3_scen1.csv
1,AME,NSpeciesExtinctAtFirstYear,2020,30,inner_GLOBIOM_LUCC_sample_v3_scen1.csv
1,SAS,NSpeciesExtinctAtFirstYear,2020,20,inner_GLOBIOM_LUCC_sample_v3_scen1.csv
1,WLD,NSpeciesExtinctAtFirstYear,2020,83,inner_GLOBIOM_LUCC_sample_v3_scen1.csv
1,EUE,NSpeciesExtinctAtFirstYear,2020,4,inner_GLOBIOM_LUCC_sample_v3_scen1.csv
1,CAN,NSpeciesExtinctAtFirstYear,2030,2,inner_GLOBIOM_LUCC_sample_v3_scen1.csv
1,USA,NSpeciesExtinctAtFirstYear,2030,9,inner_GLOBIOM_LUCC_sample_v3_scen1.csv
1,BRA,NSpeciesExtinctAtFirstYear,2030,0,inner_GLOBIOM_LUCC_sample_v3_scen1.csv
1,OSA,NSpeciesExtinctAtFirstYear,2030,17,inner_GLOBIOM_LUCC_sample_v3_scen1.csv
1,FSU,NSpeciesExtinctAtFirstYear,2030,24,inner_GLOBIOM_LUCC_sample_v3_scen1.csv
1,EUR,NSpeciesExtinctAtFirstYear,2030,5,inner_GLOBIOM_LUCC_sample_v3_scen1.csv
1,MEN,NSpeciesExtinctAtFirstYear,2030,25,inner_GLOBIOM_LUCC_sample_v3_scen1.csv
1,SSA,NSpeciesExtinctAtFirstYear,2030,18,inner_GLOBIOM_LUCC_sample_v3_scen1.csv
1,CHN,NSpeciesExtinctAtFirstYear,2030,13,inner_GLOBIOM_LUCC_sample_v3_scen1.csv
1,IND,NSpeciesExtinctAtFirstYear,2030,8,inner_GLOBIOM_LUCC_sample_v3_scen1.csv
1,SEA,NSpeciesExtinctAtFirstYear,2030,4,inner_GLOBIOM_LUCC_sample_v3_scen1.csv
1,OAS,NSpeciesExtinctAtFirstYear,2030,6,inner_GLOBIOM_LUCC_sample_v3_scen1.csv
1,ANZ,NSpeciesExtinctAtFirstYear,2030,11,inner_GLOBIOM_LUCC_sample_v3_scen1.csv
1,NAM,NSpeciesExtinctAtFirstYear,2030,9,inner_GLOBIOM_LUCC_sample_v3_scen1.csv
1,OAM,NSpeciesExtinctAtFirstYear,2030,17,inner_GLOBIOM_LUCC_sample_v3_scen1.csv
1,AME,NSpeciesExtinctAtFirstYear,2030,30,inner_GLOBIOM_LUCC_sample_v3_scen1.csv
1,SAS,NSpeciesExtinctAtFirstYear,2030,20,inner_GLOBIOM_LUCC_sample_v3_scen1.csv
1,WLD,NSpeciesExtinctAtFirstYear,2030,83,inner_GLOBIOM_LUCC_sample_v3_scen1.csv
1,EUE,NSpeciesExtinctAtFirstYear,2030,4,inner_GLOBIOM_LUCC_sample_v3_scen1.csv
1,CAN,NSpeciesExtinctAtFirstYear,2040,2,inner_GLOBIOM_LUCC_sample_v3_scen1.csv
1,USA,NSpeciesExtinctAtFirstYear,2040,9,inner_GLOBIOM_LUCC_sample_v3_scen1.csv
1,BRA,NSpeciesExtinctAtFirstYear,2040,0,inner_GLOBIOM_LUCC_sample_v3_scen1.csv
1,OSA,NSpeciesExtinctAtFirstYear,2040,17,inner_GLOBIOM_LUCC_sample_v3_scen1.csv
1,FSU,NSpeciesExtinctAtFirstYear,2040,24,inner_GLOBIOM_LUCC_sample_v3_scen1.csv
1,EUR,NSpeciesExtinctAtFirstYear,2040,5,inner_GLOBIOM_LUCC_sample_v3_scen1.csv
1,MEN,NSpeciesExtinctAtFirstYear,2040,25,inner_GLOBIOM_LUCC_sample_v3_scen1.csv
1,SSA,NSpeciesExtinctAtFirstYear,2040,18,inner_GLOBIOM_LUCC_sample_v3_scen1.csv
1,CHN,NSpeciesExtinctAtFirstYear,2040,13,inner_GLOBIOM_LUCC_sample_v3_scen1.csv
1,IND,NSpeciesExtinctAtFirstYear,2040,8,inner_GLOBIOM_LUCC_sample_v3_scen1.csv
1,SEA,NSpeciesExtinctAtFirstYear,2040,4,inner_GLOBIOM_LUCC_sample_v3_scen1.csv
1,OAS,NSpeciesExtinctAtFirstYear,2040,6,inner_GLOBIOM_LUCC_sample_v3_scen1.csv
1,ANZ,NSpeciesExtinctAtFirstYear,2040,11,inner_GLOBIOM_LUCC_sample_v3_scen1.csv
1,NAM,NSpeciesExtinctAtFirstYear,2040,9,inner_GLOBIOM_LUCC_sample_v3_scen1.csv
1,OAM,NSpeciesExtinctAtFirstYear,2040,17,inner_GLOBIOM_LUCC_sample_v3_scen1.csv
1,AME,NSpeciesExtinctAtFirstYear,2040,30,inner_GLOBIOM_LUCC_sample_v3_scen1.csv
1,SAS,NSpeciesExtinctAtFirstYear,2040,20,inner_GLOBIOM_LUCC_sample_v3_scen1.csv
1,WLD,NSpeciesExtinctAtFirstYear,2040,83,inner_GLOBIOM_LUCC_sample_v3_scen1.csv
1,EUE,NSpeciesExtinctAtFirstYear,2040,4,inner_GLOBIOM_LUCC_sample_v3_scen1.csv
1,MEN,NSpeciesExtinctAtFirstYear,2050,25,inner_GLOBIOM_LUCC_sample_v3_scen1.csv
1,SSA,NSpeciesExtinctAtFirstYear,2050,18,inner_GLOBIOM_LUCC_sample_v3_scen1.csv
1,CHN,NSpeciesExtinctAtFirstYear,2050,13,inner_GLOBIOM_LUCC_sample_v3_scen1.csv
1,IND,NSpeciesExtinctAtFirstYear,2050,8,inner_GLOBIOM_LUCC_sample_v3_scen1.csv
1,SEA,NSpeciesExtinctAtFirstYear,2050,4,inner_GLOBIOM_LUCC_sample_v3_scen1.csv
1,OAS,NSpeciesExtinctAtFirstYear,2050,6,inner_GLOBIOM_LUCC_sample_v3_scen1.csv
1,ANZ,NSpeciesExtinctAtFirstYear,2050,11,inner_GLOBIOM_LUCC_sample_v3_scen1.csv
1,NAM,NSpeciesExtinctAtFirstYear,2050,9,inner_GLOBIOM_LUCC_sample_v3_scen1.csv
1,OAM,NSpeciesExtinctAtFirstYear,2050,17,inner_GLOBIOM_LUCC_sample_v3_scen1.csv
1,AME,NSpeciesExtinctAtFirstYear,2050,30,inner_GLOBIOM_LUCC_sample_v3_scen1.csv
1,SAS,NSpeciesExtinctAtFirstYear,2050,20,inner_GLOBIOM_LUCC_sample_v3_scen1.csv
1,WLD,NSpeciesExtinctAtFirstYear,2050,83,inner_GLOBIOM_LUCC_sample_v3_scen1.csv
1,EUE,NSpeciesExtinctAtFirstYear,2050,4,inner_GLOBIOM_LUCC_sample_v3_scen1.csv
1,CAN,NSpeciesExtinctAtFirstYear,2050,2,inner_GLOBIOM_LUCC_sample_v3_scen1.csv
1,USA,NSpeciesExtinctAtFirstYear,2050,9,inner_GLOBIOM_LUCC_sample_v3_scen1.csv
1,BRA,NSpeciesExtinctAtFirstYear,2050,0,inner_GLOBIOM_LUCC_sample_v3_scen1.csv
1,OSA,NSpeciesExtinctAtFirstYear,2050,17,inner_GLOBIOM_LUCC_sample_v3_scen1.csv
1,FSU,NSpeciesExtinctAtFirstYear,2050,24,inner_GLOBIOM_LUCC_sample_v3_scen1.csv
1,EUR,NSpeciesExtinctAtFirstYear,2050,5,inner_GLOBIOM_LUCC_sample_v3_scen1.csv
1,FSU,NPotSpeciesInRegion,2000,299,inner_GLOBIOM_LUCC_sample_v3_scen1.csv
1,EUR,NPotSpeciesInRegion,2000,144,inner_GLOBIOM_LUCC_sample_v3_scen1.csv
1,MEN,NPotSpeciesInRegion,2000,233,inner_GLOBIOM_LUCC_sample_v3_scen1.csv
1,SSA,NPotSpeciesInRegion,2000,741,inner_GLOBIOM_LUCC_sample_v3_scen1.csv
1,CHN,NPotSpeciesInRegion,2000,411,inner_GLOBIOM_LUCC_sample_v3_scen1.csv
1,IND,NPotSpeciesInRegion,2000,264,inner_GLOBIOM_LUCC_sample_v3_scen1.csv
1,SEA,NPotSpeciesInRegion,2000,611,inner_GLOBIOM_LUCC_sample_v3_scen1.csv
1,OAS,NPotSpeciesInRegion,2000,288,inner_GLOBIOM_LUCC_sample_v3_scen1.csv
1,ANZ,NPotSpeciesInRegion,2000,185,inner_GLOBIOM_LUCC_sample_v3_scen1.csv
1,NAM,NPotSpeciesInRegion,2000,263,inner_GLOBIOM_LUCC_sample_v3_scen1.csv
1,OAM,NPotSpeciesInRegion,2000,903,inner_GLOBIOM_LUCC_sample_v3_scen1.csv
1,AME,NPotSpeciesInRegion,2000,898,inner_GLOBIOM_LUCC_sample_v3_scen1.csv
1,SAS,NPotSpeciesInRegion,2000,819,inner_GLOBIOM_LUCC_sample_v3_scen1.csv
1,WLD,NPotSpeciesInRegion,2000,2843,inner_GLOBIOM_LUCC_sample_v3_scen1.csv
1,EUE,NPotSpeciesInRegion,2000,139,inner_GLOBIOM_LUCC_sample_v3_scen1.csv
1,CAN,NPotSpeciesInRegion,2000,122,inner_GLOBIOM_LUCC_sample_v3_scen1.csv
1,USA,NPotSpeciesInRegion,2000,259,inner_GLOBIOM_LUCC_sample_v3_scen1.csv
1,BRA,NPotSpeciesInRegion,2000,470,inner_GLOBIOM_LUCC_sample_v3_scen1.csv
1,OSA,NPotSpeciesInRegion,2000,794,inner_GLOBIOM_LUCC_sample_v3_scen1.csv
1,CAN,NPotSpeciesInRegion,2010,122,inner_GLOBIOM_LUCC_sample_v3_scen1.csv
1,USA,NPotSpeciesInRegion,2010,259,inner_GLOBIOM_LUCC_sample_v3_scen1.csv
1,BRA,NPotSpeciesInRegion,2010,470,inner_GLOBIOM_LUCC_sample_v3_scen1.csv
1,OSA,NPotSpeciesInRegion,2010,794,inner_GLOBIOM_LUCC_sample_v3_scen1.csv
1,FSU,NPotSpeciesInRegion,2010,299,inner_GLOBIOM_LUCC_sample_v3_scen1.csv
1,EUR,NPotSpeciesInRegion,2010,144,inner_GLOBIOM_LUCC_sample_v3_scen1.csv
1,MEN,NPotSpeciesInRegion,2010,233,inner_GLOBIOM_LUCC_sample_v3_scen1.csv
1,SSA,NPotSpeciesInRegion,2010,741,inner_GLOBIOM_LUCC_sample_v3_scen1.csv
1,CHN,NPotSpeciesInRegion,2010,411,inner_GLOBIOM_LUCC_sample_v3_scen1.csv
1,IND,NPotSpeciesInRegion,2010,264,inner_GLOBIOM_LUCC_sample_v3_scen1.csv
1,SEA,NPotSpeciesInRegion,2010,611,inner_GLOBIOM_LUCC_sample_v3_scen1.csv
1,OAS,NPotSpeciesInRegion,2010,288,inner_GLOBIOM_LUCC_sample_v3_scen1.csv
1,ANZ,NPotSpeciesInRegion,2010,185,inner_GLOBIOM_LUCC_sample_v3_scen1.csv
1,NAM,NPotSpeciesInRegion,2010,263,inner_GLOBIOM_LUCC_sample_v3_scen1.csv
1,OAM,NPotSpeciesInRegion,2010,903,inner_GLOBIOM_LUCC_sample_v3_scen1.csv
1,AME,NPotSpeciesInRegion,2010,898,inner_GLOBIOM_LUCC_sample_v3_scen1.csv
1,SAS,NPotSpeciesInRegion,2010,819,inner_GLOBIOM_LUCC_sample_v3_scen1.csv
1,WLD,NPotSpeciesInRegion,2010,2843,inner_GLOBIOM_LUCC_sample_v3_scen1.csv
1,EUE,NPotSpeciesInRegion,2010,139,inner_GLOBIOM_LUCC_sample_v3_scen1.csv
1,CAN,NPotSpeciesInRegion,2020,122,inner_GLOBIOM_LUCC_sample_v3_scen1.csv
1,USA,NPotSpeciesInRegion,2020,259,inner_GLOBIOM_LUCC_sample_v3_scen1.csv
1,BRA,NPotSpeciesInRegion,2020,470,inner_GLOBIOM_LUCC_sample_v3_scen1.csv
1,OSA,NPotSpeciesInRegion,2020,794,inner_GLOBIOM_LUCC_sample_v3_scen1.csv
1,FSU,NPotSpeciesInRegion,2020,299,inner_GLOBIOM_LUCC_sample_v3_scen1.csv
1,EUR,NPotSpeciesInRegion,2020,144,inner_GLOBIOM_LUCC_sample_v3_scen1.csv
1,MEN,NPotSpeciesInRegion,2020,233,inner_GLOBIOM_LUCC_sample_v3_scen1.csv
1,SSA,NPotSpeciesInRegion,2020,741,inner_GLOBIOM_LUCC_sample_v3_scen1.csv
1,CHN,NPotSpeciesInRegion,2020,411,inner_GLOBIOM_LUCC_sample_v3_scen1.csv
1,IND,NPotSpeciesInRegion,2020,264,inner_GLOBIOM_LUCC_sample_v3_scen1.csv
1,SEA,NPotSpeciesInRegion,2020,611,inner_GLOBIOM_LUCC_sample_v3_scen1.csv
1,OAS,NPotSpeciesInRegion,2020,288,inner_GLOBIOM_LUCC_sample_v3_scen1.csv
1,ANZ,NPotSpeciesInRegion,2020,185,inner_GLOBIOM_LUCC_sample_v3_scen1.csv
1,NAM,NPotSpeciesInRegion,2020,263,inner_GLOBIOM_LUCC_sample_v3_scen1.csv
1,OAM,NPotSpeciesInRegion,2020,903,inner_GLOBIOM_LUCC_sample_v3_scen1.csv
1,AME,NPotSpeciesInRegion,2020,898,inner_GLOBIOM_LUCC_sample_v3_scen1.csv
1,SAS,NPotSpeciesInRegion,2020,819,inner_GLOBIOM_LUCC_sample_v3_scen1.csv
1,WLD,NPotSpeciesInRegion,2020,2843,inner_GLOBIOM_LUCC_sample_v3_scen1.csv
1,EUE,NPotSpeciesInRegion,2020,139,inner_GLOBIOM_LUCC_sample_v3_scen1.csv
1,EUE,NPotSpeciesInRegion,2030,139,inner_GLOBIOM_LUCC_sample_v3_scen1.csv
1,CAN,NPotSpeciesInRegion,2030,122,inner_GLOBIOM_LUCC_sample_v3_scen1.csv
1,USA,NPotSpeciesInRegion,2030,259,inner_GLOBIOM_LUCC_sample_v3_scen1.csv
1,BRA,NPotSpeciesInRegion,2030,470,inner_GLOBIOM_LUCC_sample_v3_scen1.csv
1,OSA,NPotSpeciesInRegion,2030,794,inner_GLOBIOM_LUCC_sample_v3_scen1.csv
1,FSU,NPotSpeciesInRegion,2030,299,inner_GLOBIOM_LUCC_sample_v3_scen1.csv
1,EUR,NPotSpeciesInRegion,2030,144,inner_GLOBIOM_LUCC_sample_v3_scen1.csv
1,MEN,NPotSpeciesInRegion,2030,233,inner_GLOBIOM_LUCC_sample_v3_scen1.csv
1,SSA,NPotSpeciesInRegion,2030,741,inner_GLOBIOM_LUCC_sample_v3_scen1.csv
1,CHN,NPotSpeciesInRegion,2030,411,inner_GLOBIOM_LUCC_sample_v3_scen1.csv
1,IND,NPotSpeciesInRegion,2030,264,inner_GLOBIOM_LUCC_sample_v3_scen1.csv
1,SEA,NPotSpeciesInRegion,2030,611,inner_GLOBIOM_LUCC_sample_v3_scen1.csv
1,OAS,NPotSpeciesInRegion,2030,288,inner_GLOBIOM_LUCC_sample_v3_scen1.csv
1,ANZ,NPotSpeciesInRegion,2030,185,inner_GLOBIOM_LUCC_sample_v3_scen1.csv
1,NAM,NPotSpeciesInRegion,2030,263,inner_GLOBIOM_LUCC_sample_v3_scen1.csv
1,OAM,NPotSpeciesInRegion,2030,903,inner_GLOBIOM_LUCC_sample_v3_scen1.csv
1,AME,NPotSpeciesInRegion,2030,898,inner_GLOBIOM_LUCC_sample_v3_scen1.csv
1,SAS,NPotSpeciesInRegion,2030,819,inner_GLOBIOM_LUCC_sample_v3_scen1.csv
1,WLD,NPotSpeciesInRegion,2030,2843,inner_GLOBIOM_LUCC_sample_v3_scen1.csv
1,CAN,NPotSpeciesInRegion,2040,122,inner_GLOBIOM_LUCC_sample_v3_scen1.csv
1,USA,NPotSpeciesInRegion,2040,259,inner_GLOBIOM_LUCC_sample_v3_scen1.csv
1,BRA,NPotSpeciesInRegion,2040,470,inner_GLOBIOM_LUCC_sample_v3_scen1.csv
1,OSA,NPotSpeciesInRegion,2040,794,inner_GLOBIOM_LUCC_sample_v3_scen1.csv
1,FSU,NPotSpeciesInRegion,2040,299,inner_GLOBIOM_LUCC_sample_v3_scen1.csv
1,EUR,NPotSpeciesInRegion,2040,144,inner_GLOBIOM_LUCC_sample_v3_scen1.csv
1,MEN,NPotSpeciesInRegion,2040,233,inner_GLOBIOM_LUCC_sample_v3_scen1.csv
1,SSA,NPotSpeciesInRegion,2040,741,inner_GLOBIOM_LUCC_sample_v3_scen1.csv
1,CHN,NPotSpeciesInRegion,2040,411,inner_GLOBIOM_LUCC_sample_v3_scen1.csv
1,IND,NPotSpeciesInRegion,2040,264,inner_GLOBIOM_LUCC_sample_v3_scen1.csv
1,SEA,NPotSpeciesInRegion,2040,611,inner_GLOBIOM_LUCC_sample_v3_scen1.csv
1,OAS,NPotSpeciesInRegion,2040,288,inner_GLOBIOM_LUCC_sample_v3_scen1.csv
1,ANZ,NPotSpeciesInRegion,2040,185,inner_GLOBIOM_LUCC_sample_v3_scen1.csv
1,NAM,NPotSpeciesInRegion,2040,263,inner_GLOBIOM_LUCC_sample_v3_scen1.csv
1,OAM,NPotSpeciesInRegion,2040,903,inner_GLOBIOM_LUCC_sample_v3_scen1.csv
1,AME,NPotSpeciesInRegion,2040,898,inner_GLOBIOM_LUCC_sample_v3_scen1.csv
1,SAS,NPotSpeciesInRegion,2040,819,inner_GLOBIOM_LUCC_sample_v3_scen1.csv
1,WLD,NPotSpeciesInRegion,2040,2843,inner_GLOBIOM_LUCC_sample_v3_scen1.csv
1,EUE,NPotSpeciesInRegion,2040,139,inner_GLOBIOM_LUCC_sample_v3_scen1.csv
1,CAN,NPotSpeciesInRegion,2050,122,inner_GLOBIOM_LUCC_sample_v3_scen1.csv
1,USA,NPotSpeciesInRegion,2050,259,inner_GLOBIOM_LUCC_sample_v3_scen1.csv
1,BRA,NPotSpeciesInRegion,2050,470,inner_GLOBIOM_LUCC_sample_v3_scen1.csv
1,OSA,NPotSpeciesInRegion,2050,794,inner_GLOBIOM_LUCC_sample_v3_scen1.csv
1,FSU,NPotSpeciesInRegion,2050,299,inner_GLOBIOM_LUCC_sample_v3_scen1.csv
1,EUR,NPotSpeciesInRegion,2050,144,inner_GLOBIOM_LUCC_sample_v3_scen1.csv
1,MEN,NPotSpeciesInRegion,2050,233,inner_GLOBIOM_LUCC_sample_v3_scen1.csv
1,SSA,NPotSpeciesInRegion,2050,741,inner_GLOBIOM_LUCC_sample_v3_scen1.csv
1,CHN,NPotSpeciesInRegion,2050,411,inner_GLOBIOM_LUCC_sample_v3_scen1.csv
1,IND,NPotSpeciesInRegion,2050,264,inner_GLOBIOM_LUCC_sample_v3_scen1.csv
1,SEA,NPotSpeciesInRegion,2050,611,inner_GLOBIOM_LUCC_sample_v3_scen1.csv
1,OAS,NPotSpeciesInRegion,2050,288,inner_GLOBIOM_LUCC_sample_v3_scen1.csv
1,ANZ,NPotSpeciesInRegion,2050,185,inner_GLOBIOM_LUCC_sample_v3_scen1.csv
1,NAM,NPotSpeciesInRegion,2050,263,inner_GLOBIOM_LUCC_sample_v3_scen1.csv
1,OAM,NPotSpeciesInRegion,2050,903,inner_GLOBIOM_LUCC_sample_v3_scen1.csv
1,AME,NPotSpeciesInRegion,2050,898,inner_GLOBIOM_LUCC_sample_v3_scen1.csv
1,SAS,NPotSpeciesInRegion,2050,819,inner_GLOBIOM_LUCC_sample_v3_scen1.csv
1,WLD,NPotSpeciesInRegion,2050,2843,inner_GLOBIOM_LUCC_sample_v3_scen1.csv
1,EUE,NPotSpeciesInRegion,2050,139,inner_GLOBIOM_LUCC_sample_v3_scen1.csv
2,CAN,ESHI,2000,1,inner_GLOBIOM_LUCC_sample_v3_scen2.csv
2,USA,ESHI,2000,1,inner_GLOBIOM_LUCC_sample_v3_scen2.csv
2,BRA,ESHI,2000,1,inner_GLOBIOM_LUCC_sample_v3_scen2.csv
2,OSA,ESHI,2000,1,inner_GLOBIOM_LUCC_sample_v3_scen2.csv
2,FSU,ESHI,2000,1,inner_GLOBIOM_LUCC_sample_v3_scen2.csv
2,EUR,ESHI,2000,1,inner_GLOBIOM_LUCC_sample_v3_scen2.csv
2,MEN,ESHI,2000,1,inner_GLOBIOM_LUCC_sample_v3_scen2.csv
2,SSA,ESHI,2000,1,inner_GLOBIOM_LUCC_sample_v3_scen2.csv
2,CHN,ESHI,2000,1,inner_GLOBIOM_LUCC_sample_v3_scen2.csv
2,IND,ESHI,2000,1,inner_GLOBIOM_LUCC_sample_v3_scen2.csv
2,SEA,ESHI,2000,1,inner_GLOBIOM_LUCC_sample_v3_scen2.csv
2,OAS,ESHI,2000,1,inner_GLOBIOM_LUCC_sample_v3_scen2.csv
2,ANZ,ESHI,2000,1,inner_GLOBIOM_LUCC_sample_v3_scen2.csv
2,NAM,ESHI,2000,1,inner_GLOBIOM_LUCC_sample_v3_scen2.csv
2,OAM,ESHI,2000,1,inner_GLOBIOM_LUCC_sample_v3_scen2.csv
2,AME,ESHI,2000,1,inner_GLOBIOM_LUCC_sample_v3_scen2.csv
2,SAS,ESHI,2000,1,inner_GLOBIOM_LUCC_sample_v3_scen2.csv
2,WLD,ESHI,2000,1,inner_GLOBIOM_LUCC_sample_v3_scen2.csv
2,EUE,ESHI,2000,1,inner_GLOBIOM_LUCC_sample_v3_scen2.csv
2,CAN,ESHI,2010,1,inner_GLOBIOM_LUCC_sample_v3_scen2.csv
2,USA,ESHI,2010,1,inner_GLOBIOM_LUCC_sample_v3_scen2.csv
2,BRA,ESHI,2010,1,inner_GLOBIOM_LUCC_sample_v3_scen2.csv
2,OSA,ESHI,2010,1,inner_GLOBIOM_LUCC_sample_v3_scen2.csv
2,FSU,ESHI,2010,1,inner_GLOBIOM_LUCC_sample_v3_scen2.csv
2,EUR,ESHI,2010,1,inner_GLOBIOM_LUCC_sample_v3_scen2.csv
2,MEN,ESHI,2010,1,inner_GLOBIOM_LUCC_sample_v3_scen2.csv
2,SSA,ESHI,2010,1,inner_GLOBIOM_LUCC_sample_v3_scen2.csv
2,CHN,ESHI,2010,1,inner_GLOBIOM_LUCC_sample_v3_scen2.csv
2,IND,ESHI,2010,1,inner_GLOBIOM_LUCC_sample_v3_scen2.csv
2,SEA,ESHI,2010,1,inner_GLOBIOM_LUCC_sample_v3_scen2.csv
2,OAS,ESHI,2010,1,inner_GLOBIOM_LUCC_sample_v3_scen2.csv
2,ANZ,ESHI,2010,1,inner_GLOBIOM_LUCC_sample_v3_scen2.csv
2,NAM,ESHI,2010,1,inner_GLOBIOM_LUCC_sample_v3_scen2.csv
2,OAM,ESHI,2010,1,inner_GLOBIOM_LUCC_sample_v3_scen2.csv
2,AME,ESHI,2010,1,inner_GLOBIOM_LUCC_sample_v3_scen2.csv
2,SAS,ESHI,2010,1,inner_GLOBIOM_LUCC_sample_v3_scen2.csv
2,WLD,ESHI,2010,1,inner_GLOBIOM_LUCC_sample_v3_scen2.csv
2,EUE,ESHI,2010,1,inner_GLOBIOM_LUCC_sample_v3_scen2.csv
2,USA,ESHI,2020,0.953644593718348,inner_GLOBIOM_LUCC_sample_v3_scen2.csv
2,BRA,ESHI,2020,0.979691751545232,inner_GLOBIOM_LUCC_sample_v3_scen2.csv
2,OSA,ESHI,2020,0.971308699506274,inner_GLOBIOM_LUCC_sample_v3_scen2.csv
2,FSU,ESHI,2020,0.953077427921546,inner_GLOBIOM_LUCC_sample_v3_scen2.csv
2,EUR,ESHI,2020,0.963537410094004,inner_GLOBIOM_LUCC_sample_v3_scen2.csv
2,MEN,ESHI,2020,0.887061329155944,inner_GLOBIOM_LUCC_sample_v3_scen2.csv
2,SSA,ESHI,2020,0.941420965967763,inner_GLOBIOM_LUCC_sample_v3_scen2.csv
2,CHN,ESHI,2020,0.848494337549473,inner_GLOBIOM_LUCC_sample_v3_scen2.csv
2,IND,ESHI,2020,0.914086376840469,inner_GLOBIOM_LUCC_sample_v3_scen2.csv
2,SEA,ESHI,2020,0.967707340723168,inner_GLOBIOM_LUCC_sample_v3_scen2.csv
2,OAS,ESHI,2020,0.943197681154285,inner_GLOBIOM_LUCC_sample_v3_scen2.csv
2,ANZ,ESHI,2020,0.953821948503128,inner_GLOBIOM_LUCC_sample_v3_scen2.csv
2,NAM,ESHI,2020,0.950677403216501,inner_GLOBIOM_LUCC_sample_v3_scen2.csv
2,OAM,ESHI,2020,0.971666964523713,inner_GLOBIOM_LUCC_sample_v3_scen2.csv
2,AME,ESHI,2020,0.931404896108988,inner_GLOBIOM_LUCC_sample_v3_scen2.csv
2,SAS,ESHI,2020,0.93942698374907,inner_GLOBIOM_LUCC_sample_v3_scen2.csv
2,WLD,ESHI,2020,0.949434944180571,inner_GLOBIOM_LUCC_sample_v3_scen2.csv
2,EUE,ESHI,2020,0.965092035100956,inner_GLOBIOM_LUCC_sample_v3_scen2.csv
2,CAN,ESHI,2020,0.943600793882855,inner_GLOBIOM_LUCC_sample_v3_scen2.csv
2,CAN,ESHI,2030,0.886270774919361,inner_GLOBIOM_LUCC_sample_v3_scen2.csv
2,USA,ESHI,2030,0.852385621035722,inner_GLOBIOM_LUCC_sample_v3_scen2.csv
2,BRA,ESHI,2030,0.942144500784289,inner_GLOBIOM_LUCC_sample_v3_scen2.csv
2,OSA,ESHI,2030,0.920850782932428,inner_GLOBIOM_LUCC_sample_v3_scen2.csv
2,FSU,ESHI,2030,0.863340701450294,inner_GLOBIOM_LUCC_sample_v3_scen2.csv
2,EUR,ESHI,2030,0.87564536674929,inner_GLOBIOM_LUCC_sample_v3_scen2.csv
2,MEN,ESHI,2030,0.662420229014812,inner_GLOBIOM_LUCC_sample_v3_scen2.csv
2,SSA,ESHI,2030,0.74578114394061,inner_GLOBIOM_LUCC_sample_v3_scen2.csv
2,CHN,ESHI,2030,0.680796731242282,inner_GLOBIOM_LUCC_sample_v3_scen2.csv
2,IND,ESHI,2030,0.560193125656051,inner_GLOBIOM_LUCC_sample_v3_scen2.csv
2,SEA,ESHI,2030,0.895301032106908,inner_GLOBIOM_LUCC_sample_v3_scen2.csv
2,OAS,ESHI,2030,0.68315628557853,inner_GLOBIOM_LUCC_sample_v3_scen2.csv
2,ANZ,ESHI,2030,0.888858340929294,inner_GLOBIOM_LUCC_sample_v3_scen2.csv
2,NAM,ESHI,2030,0.853384140158174,inner_GLOBIOM_LUCC_sample_v3_scen2.csv
2,OAM,ESHI,2030,0.923008026563376,inner_GLOBIOM_LUCC_sample_v3_scen2.csv
2,AME,ESHI,2030,0.725027693451981,inner_GLOBIOM_LUCC_sample_v3_scen2.csv
2,SAS,ESHI,2030,0.809267418666912,inner_GLOBIOM_LUCC_sample_v3_scen2.csv
2,WLD,ESHI,2030,0.828620044642193,inner_GLOBIOM_LUCC_sample_v3_scen2.csv
2,EUE,ESHI,2030,0.875855156684666,inner_GLOBIOM_LUCC_sample_v3_scen2.csv
2,CAN,ESHI,2040,0.811533985282764,inner_GLOBIOM_LUCC_sample_v3_scen2.csv
2,USA,ESHI,2040,0.74652316752554,inner_GLOBIOM_LUCC_sample_v3_scen2.csv
2,BRA,ESHI,2040,0.916327768922822,inner_GLOBIOM_LUCC_sample_v3_scen2.csv
2,OSA,ESHI,2040,0.891529119540625,inner_GLOBIOM_LUCC_sample_v3_scen2.csv
2,FSU,ESHI,2040,0.777463905369164,inner_GLOBIOM_LUCC_sample_v3_scen2.csv
2,EUR,ESHI,2040,0.814039817627337,inner_GLOBIOM_LUCC_sample_v3_scen2.csv
2,MEN,ESHI,2040,0.530074493953552,inner_GLOBIOM_LUCC_sample_v3_scen2.csv
2,SSA,ESHI,2040,0.660133067154828,inner_GLOBIOM_LUCC_sample_v3_scen2.csv
2,CHN,ESHI,2040,0.533515007994208,inner_GLOBIOM_LUCC_sample_v3_scen2.csv
2,IND,ESHI,2040,0.529521733802355,inner_GLOBIOM_LUCC_sample_v3_scen2.csv
2,SEA,ESHI,2040,0.748416107738834,inner_GLOBIOM_LUCC_sample_v3_scen2.csv
2,OAS,ESHI,2040,0.614386564065183,inner_GLOBIOM_LUCC_sample_v3_scen2.csv
2,ANZ,ESHI,2040,0.818718362349688,inner_GLOBIOM_LUCC_sample_v3_scen2.csv
2,NAM,ESHI,2040,0.749610831374599,inner_GLOBIOM_LUCC_sample_v3_scen2.csv
2,OAM,ESHI,2040,0.891306440924536,inner_GLOBIOM_LUCC_sample_v3_scen2.csv
2,AME,ESHI,2040,0.634149691485642,inner_GLOBIOM_LUCC_sample_v3_scen2.csv
2,SAS,ESHI,2040,0.660860285283466,inner_GLOBIOM_LUCC_sample_v3_scen2.csv
2,WLD,ESHI,2040,0.737278451579202,inner_GLOBIOM_LUCC_sample_v3_scen2.csv
2,EUE,ESHI,2040,0.816680250863671,inner_GLOBIOM_LUCC_sample_v3_scen2.csv
2,AME,ESHI,2050,0.546826330417903,inner_GLOBIOM_LUCC_sample_v3_scen2.csv
2,SAS,ESHI,2050,0.507382012399282,inner_GLOBIOM_LUCC_sample_v3_scen2.csv
2,WLD,ESHI,2050,0.633388726136079,inner_GLOBIOM_LUCC_sample_v3_scen2.csv
2,EUE,ESHI,2050,0.739127039791182,inner_GLOBIOM_LUCC_sample_v3_scen2.csv
2,CAN,ESHI,2050,0.696498290898274,inner_GLOBIOM_LUCC_sample_v3_scen2.csv
2,USA,ESHI,2050,0.619722359839729,inner_GLOBIOM_LUCC_sample_v3_scen2.csv
2,BRA,ESHI,2050,0.868066070338526,inner_GLOBIOM_LUCC_sample_v3_scen2.csv
2,OSA,ESHI,2050,0.834239027129465,inner_GLOBIOM_LUCC_sample_v3_scen2.csv
2,FSU,ESHI,2050,0.644118210232186,inner_GLOBIOM_LUCC_sample_v3_scen2.csv
2,EUR,ESHI,2050,0.727530727543373,inner_GLOBIOM_LUCC_sample_v3_scen2.csv
2,MEN,ESHI,2050,0.405515306067713,inner_GLOBIOM_LUCC_sample_v3_scen2.csv
2,SSA,ESHI,2050,0.579432733975649,inner_GLOBIOM_LUCC_sample_v3_scen2.csv
2,CHN,ESHI,2050,0.350589602116266,inner_GLOBIOM_LUCC_sample_v3_scen2.csv
2,IND,ESHI,2050,0.249987435798789,inner_GLOBIOM_LUCC_sample_v3_scen2.csv
2,SEA,ESHI,2050,0.6089029384637,inner_GLOBIOM_LUCC_sample_v3_scen2.csv
2,OAS,ESHI,2050,0.422213070797798,inner_GLOBIOM_LUCC_sample_v3_scen2.csv
2,ANZ,ESHI,2050,0.700819932944104,inner_GLOBIOM_LUCC_sample_v3_scen2.csv
2,NAM,ESHI,2050,0.631456877316549,inner_GLOBIOM_LUCC_sample_v3_scen2.csv
2,OAM,ESHI,2050,0.832051092181263,inner_GLOBIOM_LUCC_sample_v3_scen2.csv
2,NAM,RLI,2000,0.961977186311787,inner_GLOBIOM_LUCC_sample_v3_scen2.csv
2,OAM,RLI,2000,0.978073089700997,inner_GLOBIOM_LUCC_sample_v3_scen2.csv
2,AME,RLI,2000,0.95902004454343,inner_GLOBIOM_LUCC_sample_v3_scen2.csv
2,SAS,RLI,2000,0.967521367521368,inner_GLOBIOM_LUCC_sample_v3_scen2.csv
2,WLD,RLI,2000,0.967217727752374,inner_GLOBIOM_LUCC_sample_v3_scen2.csv
2,EUE,RLI,2000,0.959712230215827,inner_GLOBIOM_LUCC_sample_v3_scen2.csv
2,CAN,RLI,2000,0.980327868852459,inner_GLOBIOM_LUCC_sample_v3_scen2.csv
2,USA,RLI,2000,0.95984555984556,inner_GLOBIOM_LUCC_sample_v3_scen2.csv
2,BRA,RLI,2000,0.997446808510638,inner_GLOBIOM_LUCC_sample_v3_scen2.csv
2,OSA,RLI,2000,0.975314861460957,inner_GLOBIOM_LUCC_sample_v3_scen2.csv
2,FSU,RLI,2000,0.900334448160535,inner_GLOBIOM_LUCC_sample_v3_scen2.csv
2,EUR,RLI,2000,0.954166666666667,inner_GLOBIOM_LUCC_sample_v3_scen2.csv
2,MEN,RLI,2000,0.863519313304721,inner_GLOBIOM_LUCC_sample_v3_scen2.csv
2,SSA,RLI,2000,0.967341430499325,inner_GLOBIOM_LUCC_sample_v3_scen2.csv
2,CHN,RLI,2000,0.958150851581508,inner_GLOBIOM_LUCC_sample_v3_scen2.csv
2,IND,RLI,2000,0.940909090909091,inner_GLOBIOM_LUCC_sample_v3_scen2.csv
2,SEA,RLI,2000,0.987888707037643,inner_GLOBIOM_LUCC_sample_v3_scen2.csv
2,OAS,RLI,2000,0.949305555555556,inner_GLOBIOM_LUCC_sample_v3_scen2.csv
2,ANZ,RLI,2000,0.937297297297297,inner_GLOBIOM_LUCC_sample_v3_scen2.csv
2,CAN,RLI,2010,0.980327868852459,inner_GLOBIOM_LUCC_sample_v3_scen2.csv
2,USA,RLI,2010,0.95984555984556,inner_GLOBIOM_LUCC_sample_v3_scen2.csv
2,BRA,RLI,2010,0.997446808510638,inner_GLOBIOM_LUCC_sample_v3_scen2.csv
2,OSA,RLI,2010,0.975314861460957,inner_GLOBIOM_LUCC_sample_v3_scen2.csv
2,FSU,RLI,2010,0.900334448160535,inner_GLOBIOM_LUCC_sample_v3_scen2.csv
2,EUR,RLI,2010,0.954166666666667,inner_GLOBIOM_LUCC_sample_v3_scen2.csv
2,MEN,RLI,2010,0.863519313304721,inner_GLOBIOM_LUCC_sample_v3_scen2.csv
2,SSA,RLI,2010,0.967341430499325,inner_GLOBIOM_LUCC_sample_v3_scen2.csv
2,CHN,RLI,2010,0.958150851581508,inner_GLOBIOM_LUCC_sample_v3_scen2.csv
2,IND,RLI,2010,0.940909090909091,inner_GLOBIOM_LUCC_sample_v3_scen2.csv
2,SEA,RLI,2010,0.987888707037643,inner_GLOBIOM_LUCC_sample_v3_scen2.csv
2,OAS,RLI,2010,0.949305555555556,inner_GLOBIOM_LUCC_sample_v3_scen2.csv
2,ANZ,RLI,2010,0.937297297297297,inner_GLOBIOM_LUCC_sample_v3_scen2.csv
2,NAM,RLI,2010,0.961977186311787,inner_GLOBIOM_LUCC_sample_v3_scen2.csv
2,OAM,RLI,2010,0.978073089700997,inner_GLOBIOM_LUCC_sample_v3_scen2.csv
2,AME,RLI,2010,0.95902004454343,inner_GLOBIOM_LUCC_sample_v3_scen2.csv
2,SAS,RLI,2010,0.967521367521368,inner_GLOBIOM_LUCC_sample_v3_scen2.csv
2,WLD,RLI,2010,0.967217727752374,inner_GLOBIOM_LUCC_sample_v3_scen2.csv
2,EUE,RLI,2010,0.959712230215827,inner_GLOBIOM_LUCC_sample_v3_scen2.csv
2,CAN,RLI,2020,0.960655737704918,inner_GLOBIOM_LUCC_sample_v3_scen2.csv
2,USA,RLI,2020,0.955212355212355,inner_GLOBIOM_LUCC_sample_v3_scen2.csv
2,BRA,RLI,2020,0.992340425531915,inner_GLOBIOM_LUCC_sample_v3_scen2.csv
2,OSA,RLI,2020,0.972292191435768,inner_GLOBIOM_LUCC_sample_v3_scen2.csv
2,FSU,RLI,2020,0.875585284280936,inner_GLOBIOM_LUCC_sample_v3_scen2.csv
2,EUR,RLI,2020,0.945833333333333,inner_GLOBIOM_LUCC_sample_v3_scen2.csv
2,MEN,RLI,2020,0.783690987124464,inner_GLOBIOM_LUCC_sample_v3_scen2.csv
2,SSA,RLI,2020,0.95357624831309,inner_GLOBIOM_LUCC_sample_v3_scen2.csv
2,CHN,RLI,2020,0.88661800486618,inner_GLOBIOM_LUCC_sample_v3_scen2.csv
2,IND,RLI,2020,0.88030303030303,inner_GLOBIOM_LUCC_sample_v3_scen2.csv
2,SEA,RLI,2020,0.981342062193126,inner_GLOBIOM_LUCC_sample_v3_scen2.csv
2,OAS,RLI,2020,0.892361111111111,inner_GLOBIOM_LUCC_sample_v3_scen2.csv
2,ANZ,RLI,2020,0.934054054054054,inner_GLOBIOM_LUCC_sample_v3_scen2.csv
2,NAM,RLI,2020,0.958174904942966,inner_GLOBIOM_LUCC_sample_v3_scen2.csv
2,OAM,RLI,2020,0.976301218161683,inner_GLOBIOM_LUCC_sample_v3_scen2.csv
2,AME,RLI,2020,0.94075723830735,inner_GLOBIOM_LUCC_sample_v3_scen2.csv
2,SAS,RLI,2020,0.956043956043956,inner_GLOBIOM_LUCC_sample_v3_scen2.csv
2,WLD,RLI,2020,0.961027084066127,inner_GLOBIOM_LUCC_sample_v3_scen2.csv
2,EUE,RLI,2020,0.949640287769784,inner_GLOBIOM_LUCC_sample_v3_scen2.csv
2,CAN,RLI,2030,0.914754098360656,inner_GLOBIOM_LUCC_sample_v3_scen2.csv
2,USA,RLI,2030,0.888803088803089,inner_GLOBIOM_LUCC_sample_v3_scen2.csv
2,BRA,RLI,2030,0.971489361702128,inner_GLOBIOM_LUCC_sample_v3_scen2.csv
2,OSA,RLI,2030,0.952141057934509,inner_GLOBIOM_LUCC_sample_v3_scen2.csv
2,FSU,RLI,2030,0.790635451505017,inner_GLOBIOM_LUCC_sample_v3_scen2.csv
2,EUR,RLI,2030,0.895833333333333,inner_GLOBIOM_LUCC_sample_v3_scen2.csv
2,MEN,RLI,2030,0.624034334763949,inner_GLOBIOM_LUCC_sample_v3_scen2.csv
2,SSA,RLI,2030,0.83778677462888,inner_GLOBIOM_LUCC_sample_v3_scen2.csv
2,CHN,RLI,2030,0.705109489051095,inner_GLOBIOM_LUCC_sample_v3_scen2.csv
2,IND,RLI,2030,0.612878787878788,inner_GLOBIOM_LUCC_sample_v3_scen2.csv
2,SEA,RLI,2030,0.940752864157119,inner_GLOBIOM_LUCC_sample_v3_scen2.csv
2,OAS,RLI,2030,0.78125,inner_GLOBIOM_LUCC_sample_v3_scen2.csv
2,ANZ,RLI,2030,0.901621621621622,inner_GLOBIOM_LUCC_sample_v3_scen2.csv
2,NAM,RLI,2030,0.890494296577947,inner_GLOBIOM_LUCC_sample_v3_scen2.csv
2,OAM,RLI,2030,0.951937984496124,inner_GLOBIOM_LUCC_sample_v3_scen2.csv
2,AME,RLI,2030,0.810244988864143,inner_GLOBIOM_LUCC_sample_v3_scen2.csv
2,SAS,RLI,2030,0.834676434676435,inner_GLOBIOM_LUCC_sample_v3_scen2.csv
2,WLD,RLI,2030,0.877523742525501,inner_GLOBIOM_LUCC_sample_v3_scen2.csv
2,EUE,RLI,2030,0.899280575539568,inner_GLOBIOM_LUCC_sample_v3_scen2.csv
2,CAN,RLI,2040,0.863934426229508,inner_GLOBIOM_LUCC_sample_v3_scen2.csv
2,USA,RLI,2040,0.81003861003861,inner_GLOBIOM_LUCC_sample_v3_scen2.csv
2,BRA,RLI,2040,0.943829787234043,inner_GLOBIOM_LUCC_sample_v3_scen2.csv
2,OSA,RLI,2040,0.91360201511335,inner_GLOBIOM_LUCC_sample_v3_scen2.csv
2,FSU,RLI,2040,0.71304347826087,inner_GLOBIOM_LUCC_sample_v3_scen2.csv
2,EUR,RLI,2040,0.826388888888889,inner_GLOBIOM_LUCC_sample_v3_scen2.csv
2,MEN,RLI,2040,0.55450643776824,inner_GLOBIOM_LUCC_sample_v3_scen2.csv
2,SSA,RLI,2040,0.736842105263158,inner_GLOBIOM_LUCC_sample_v3_scen2.csv
2,CHN,RLI,2040,0.588807785888078,inner_GLOBIOM_LUCC_sample_v3_scen2.csv
2,IND,RLI,2040,0.586363636363636,inner_GLOBIOM_LUCC_sample_v3_scen2.csv
2,SEA,RLI,2040,0.790180032733224,inner_GLOBIOM_LUCC_sample_v3_scen2.csv
2,OAS,RLI,2040,0.749305555555556,inner_GLOBIOM_LUCC_sample_v3_scen2.csv
2,ANZ,RLI,2040,0.814054054054054,inner_GLOBIOM_LUCC_sample_v3_scen2.csv
2,NAM,RLI,2040,0.814448669201521,inner_GLOBIOM_LUCC_sample_v3_scen2.csv
2,OAM,RLI,2040,0.910741971207087,inner_GLOBIOM_LUCC_sample_v3_scen2.csv
2,AME,RLI,2040,0.715812917594655,inner_GLOBIOM_LUCC_sample_v3_scen2.csv
2,SAS,RLI,2040,0.698901098901099,inner_GLOBIOM_LUCC_sample_v3_scen2.csv
2,WLD,RLI,2040,0.789729159338727,inner_GLOBIOM_LUCC_sample_v3_scen2.csv
2,EUE,RLI,2040,0.833093525179856,inner_GLOBIOM_LUCC_sample_v3_scen2.csv
2,CAN,RLI,2050,0.754098360655738,inner_GLOBIOM_LUCC_sample_v3_scen2.csv
2,USA,RLI,2050,0.692664092664093,inner_GLOBIOM_LUCC_sample_v3_scen2.csv
2,BRA,RLI,2050,0.913617021276596,inner_GLOBIOM_LUCC_sample_v3_scen2.csv
2,OSA,RLI,2050,0.866750629722922,inner_GLOBIOM_LUCC_sample_v3_scen2.csv
2,FSU,RLI,2050,0.616722408026756,inner_GLOBIOM_LUCC_sample_v3_scen2.csv
2,EUR,RLI,2050,0.761111111111111,inner_GLOBIOM_LUCC_sample_v3_scen2.csv
2,MEN,RLI,2050,0.517596566523605,inner_GLOBIOM_LUCC_sample_v3_scen2.csv
2,SSA,RLI,2050,0.58974358974359,inner_GLOBIOM_LUCC_sample_v3_scen2.csv
2,CHN,RLI,2050,0.474939172749392,inner_GLOBIOM_LUCC_sample_v3_scen2.csv
2,IND,RLI,2050,0.489393939393939,inner_GLOBIOM_LUCC_sample_v3_scen2.csv
2,SEA,RLI,2050,0.67986906710311,inner_GLOBIOM_LUCC_sample_v3_scen2.csv
2,OAS,RLI,2050,0.715972222222222,inner_GLOBIOM_LUCC_sample_v3_scen2.csv
2,ANZ,RLI,2050,0.682162162162162,inner_GLOBIOM_LUCC_sample_v3_scen2.csv
2,NAM,RLI,2050,0.701140684410646,inner_GLOBIOM_LUCC_sample_v3_scen2.csv
2,OAM,RLI,2050,0.863787375415282,inner_GLOBIOM_LUCC_sample_v3_scen2.csv
2,AME,RLI,2050,0.588864142538976,inner_GLOBIOM_LUCC_sample_v3_scen2.csv
2,SAS,RLI,2050,0.605372405372405,inner_GLOBIOM_LUCC_sample_v3_scen2.csv
2,WLD,RLI,2050,0.69215617305663,inner_GLOBIOM_LUCC_sample_v3_scen2.csv
2,EUE,RLI,2050,0.771223021582734,inner_GLOBIOM_LUCC_sample_v3_scen2.csv
2,OSA,NSpeciesExtinctAtFirstYear,2000,17,inner_GLOBIOM_LUCC_sample_v3_scen2.csv
2,FSU,NSpeciesExtinctAtFirstYear,2000,24,inner_GLOBIOM_LUCC_sample_v3_scen2.csv
2,EUR,NSpeciesExtinctAtFirstYear,2000,5,inner_GLOBIOM_LUCC_sample_v3_scen2.csv
2,MEN,NSpeciesExtinctAtFirstYear,2000,25,inner_GLOBIOM_LUCC_sample_v3_scen2.csv
2,CAN,NSpeciesExtinctAtFirstYear,2000,2,inner_GLOBIOM_LUCC_sample_v3_scen2.csv
2,SSA,NSpeciesExtinctAtFirstYear,2000,18,inner_GLOBIOM_LUCC_sample_v3_scen2.csv
2,USA,NSpeciesExtinctAtFirstYear,2000,9,inner_GLOBIOM_LUCC_sample_v3_scen2.csv
2,CHN,NSpeciesExtinctAtFirstYear,2000,13,inner_GLOBIOM_LUCC_sample_v3_scen2.csv
2,BRA,NSpeciesExtinctAtFirstYear,2000,0,inner_GLOBIOM_LUCC_sample_v3_scen2.csv
2,IND,NSpeciesExtinctAtFirstYear,2000,8,inner_GLOBIOM_LUCC_sample_v3_scen2.csv
2,SAS,NSpeciesExtinctAtFirstYear,2000,20,inner_GLOBIOM_LUCC_sample_v3_scen2.csv
2,SEA,NSpeciesExtinctAtFirstYear,2000,4,inner_GLOBIOM_LUCC_sample_v3_scen2.csv
2,WLD,NSpeciesExtinctAtFirstYear,2000,83,inner_GLOBIOM_LUCC_sample_v3_scen2.csv
2,OAS,NSpeciesExtinctAtFirstYear,2000,6,inner_GLOBIOM_LUCC_sample_v3_scen2.csv
2,EUE,NSpeciesExtinctAtFirstYear,2000,4,inner_GLOBIOM_LUCC_sample_v3_scen2.csv
2,ANZ,NSpeciesExtinctAtFirstYear,2000,11,inner_GLOBIOM_LUCC_sample_v3_scen2.csv
2,NAM,NSpeciesExtinctAtFirstYear,2000,9,inner_GLOBIOM_LUCC_sample_v3_scen2.csv
2,OAM,NSpeciesExtinctAtFirstYear,2000,17,inner_GLOBIOM_LUCC_sample_v3_scen2.csv
2,AME,NSpeciesExtinctAtFirstYear,2000,30,inner_GLOBIOM_LUCC_sample_v3_scen2.csv
2,CAN,NSpeciesExtinctAtFirstYear,2010,2,inner_GLOBIOM_LUCC_sample_v3_scen2.csv
2,USA,NSpeciesExtinctAtFirstYear,2010,9,inner_GLOBIOM_LUCC_sample_v3_scen2.csv
2,BRA,NSpeciesExtinctAtFirstYear,2010,0,inner_GLOBIOM_LUCC_sample_v3_scen2.csv
2,OSA,NSpeciesExtinctAtFirstYear,2010,17,inner_GLOBIOM_LUCC_sample_v3_scen2.csv
2,FSU,NSpeciesExtinctAtFirstYear,2010,24,inner_GLOBIOM_LUCC_sample_v3_scen2.csv
2,EUR,NSpeciesExtinctAtFirstYear,2010,5,inner_GLOBIOM_LUCC_sample_v3_scen2.csv
2,MEN,NSpeciesExtinctAtFirstYear,2010,25,inner_GLOBIOM_LUCC_sample_v3_scen2.csv
2,SSA,NSpeciesExtinctAtFirstYear,2010,18,inner_GLOBIOM_LUCC_sample_v3_scen2.csv
2,CHN,NSpeciesExtinctAtFirstYear,2010,13,inner_GLOBIOM_LUCC_sample_v3_scen2.csv
2,IND,NSpeciesExtinctAtFirstYear,2010,8,inner_GLOBIOM_LUCC_sample_v3_scen2.csv
2,SEA,NSpeciesExtinctAtFirstYear,2010,4,inner_GLOBIOM_LUCC_sample_v3_scen2.csv
2,OAS,NSpeciesExtinctAtFirstYear,2010,6,inner_GLOBIOM_LUCC_sample_v3_scen2.csv
2,ANZ,NSpeciesExtinctAtFirstYear,2010,11,inner_GLOBIOM_LUCC_sample_v3_scen2.csv
2,NAM,NSpeciesExtinctAtFirstYear,2010,9,inner_GLOBIOM_LUCC_sample_v3_scen2.csv
2,OAM,NSpeciesExtinctAtFirstYear,2010,17,inner_GLOBIOM_LUCC_sample_v3_scen2.csv
2,AME,NSpeciesExtinctAtFirstYear,2010,30,inner_GLOBIOM_LUCC_sample_v3_scen2.csv
2,SAS,NSpeciesExtinctAtFirstYear,2010,20,inner_GLOBIOM_LUCC_sample_v3_scen2.csv
2,WLD,NSpeciesExtinctAtFirstYear,2010,83,inner_GLOBIOM_LUCC_sample_v3_scen2.csv
2,EUE,NSpeciesExtinctAtFirstYear,2010,4,inner_GLOBIOM_LUCC_sample_v3_scen2.csv
2,CAN,NSpeciesExtinctAtFirstYear,2020,2,inner_GLOBIOM_LUCC_sample_v3_scen2.csv
2,USA,NSpeciesExtinctAtFirstYear,2020,9,inner_GLOBIOM_LUCC_sample_v3_scen2.csv
2,BRA,NSpeciesExtinctAtFirstYear,2020,0,inner_GLOBIOM_LUCC_sample_v3_scen2.csv
2,OSA,NSpeciesExtinctAtFirstYear,2020,17,inner_GLOBIOM_LUCC_sample_v3_scen2.csv
2,FSU,NSpeciesExtinctAtFirstYear,2020,24,inner_GLOBIOM_LUCC_sample_v3_scen2.csv
2,EUR,NSpeciesExtinctAtFirstYear,2020,5,inner_GLOBIOM_LUCC_sample_v3_scen2.csv
2,MEN,NSpeciesExtinctAtFirstYear,2020,25,inner_GLOBIOM_LUCC_sample_v3_scen2.csv
2,SSA,NSpeciesExtinctAtFirstYear,2020,18,inner_GLOBIOM_LUCC_sample_v3_scen2.csv
2,CHN,NSpeciesExtinctAtFirstYear,2020,13,inner_GLOBIOM_LUCC_sample_v3_scen2.csv
2,IND,NSpeciesExtinctAtFirstYear,2020,8,inner_GLOBIOM_LUCC_sample_v3_scen2.csv
2,SEA,NSpeciesExtinctAtFirstYear,2020,4,inner_GLOBIOM_LUCC_sample_v3_scen2.csv
2,OAS,NSpeciesExtinctAtFirstYear,2020,6,inner_GLOBIOM_LUCC_sample_v3_scen2.csv
2,ANZ,NSpeciesExtinctAtFirstYear,2020,11,inner_GLOBIOM_LUCC_sample_v3_scen2.csv
2,NAM,NSpeciesExtinctAtFirstYear,2020,9,inner_GLOBIOM_LUCC_sample_v3_scen2.csv
2,OAM,NSpeciesExtinctAtFirstYear,2020,17,inner_GLOBIOM_LUCC_sample_v3_scen2.csv
2,AME,NSpeciesExtinctAtFirstYear,2020,30,inner_GLOBIOM_LUCC_sample_v3_scen2.csv
2,SAS,NSpeciesExtinctAtFirstYear,2020,20,inner_GLOBIOM_LUCC_sample_v3_scen2.csv
2,WLD,NSpeciesExtinctAtFirstYear,2020,83,inner_GLOBIOM_LUCC_sample_v3_scen2.csv
2,EUE,NSpeciesExtinctAtFirstYear,2020,4,inner_GLOBIOM_LUCC_sample_v3_scen2.csv
2,CHN,NSpeciesExtinctAtFirstYear,2030,13,inner_GLOBIOM_LUCC_sample_v3_scen2.csv
2,IND,NSpeciesExtinctAtFirstYear,2030,8,inner_GLOBIOM_LUCC_sample_v3_scen2.csv
2,SEA,NSpeciesExtinctAtFirstYear,2030,4,inner_GLOBIOM_LUCC_sample_v3_scen2.csv
2,OAS,NSpeciesExtinctAtFirstYear,2030,6,inner_GLOBIOM_LUCC_sample_v3_scen2.csv
2,ANZ,NSpeciesExtinctAtFirstYear,2030,11,inner_GLOBIOM_LUCC_sample_v3_scen2.csv
2,NAM,NSpeciesExtinctAtFirstYear,2030,9,inner_GLOBIOM_LUCC_sample_v3_scen2.csv
2,OAM,NSpeciesExtinctAtFirstYear,2030,17,inner_GLOBIOM_LUCC_sample_v3_scen2.csv
2,AME,NSpeciesExtinctAtFirstYear,2030,30,inner_GLOBIOM_LUCC_sample_v3_scen2.csv
2,SAS,NSpeciesExtinctAtFirstYear,2030,20,inner_GLOBIOM_LUCC_sample_v3_scen2.csv
2,WLD,NSpeciesExtinctAtFirstYear,2030,83,inner_GLOBIOM_LUCC_sample_v3_scen2.csv
2,EUE,NSpeciesExtinctAtFirstYear,2030,4,inner_GLOBIOM_LUCC_sample_v3_scen2.csv
2,CAN,NSpeciesExtinctAtFirstYear,2030,2,inner_GLOBIOM_LUCC_sample_v3_scen2.csv
2,USA,NSpeciesExtinctAtFirstYear,2030,9,inner_GLOBIOM_LUCC_sample_v3_scen2.csv
2,BRA,NSpeciesExtinctAtFirstYear,2030,0,inner_GLOBIOM_LUCC_sample_v3_scen2.csv
2,OSA,NSpeciesExtinctAtFirstYear,2030,17,inner_GLOBIOM_LUCC_sample_v3_scen2.csv
2,FSU,NSpeciesExtinctAtFirstYear,2030,24,inner_GLOBIOM_LUCC_sample_v3_scen2.csv
2,EUR,NSpeciesExtinctAtFirstYear,2030,5,inner_GLOBIOM_LUCC_sample_v3_scen2.csv
2,MEN,NSpeciesExtinctAtFirstYear,2030,25,inner_GLOBIOM_LUCC_sample_v3_scen2.csv
2,SSA,NSpeciesExtinctAtFirstYear,2030,18,inner_GLOBIOM_LUCC_sample_v3_scen2.csv
2,CAN,NSpeciesExtinctAtFirstYear,2040,2,inner_GLOBIOM_LUCC_sample_v3_scen2.csv
2,USA,NSpeciesExtinctAtFirstYear,2040,9,inner_GLOBIOM_LUCC_sample_v3_scen2.csv
2,BRA,NSpeciesExtinctAtFirstYear,2040,0,inner_GLOBIOM_LUCC_sample_v3_scen2.csv
2,OSA,NSpeciesExtinctAtFirstYear,2040,17,inner_GLOBIOM_LUCC_sample_v3_scen2.csv
2,FSU,NSpeciesExtinctAtFirstYear,2040,24,inner_GLOBIOM_LUCC_sample_v3_scen2.csv
2,EUR,NSpeciesExtinctAtFirstYear,2040,5,inner_GLOBIOM_LUCC_sample_v3_scen2.csv
2,MEN,NSpeciesExtinctAtFirstYear,2040,25,inner_GLOBIOM_LUCC_sample_v3_scen2.csv
2,SSA,NSpeciesExtinctAtFirstYear,2040,18,inner_GLOBIOM_LUCC_sample_v3_scen2.csv
2,CHN,NSpeciesExtinctAtFirstYear,2040,13,inner_GLOBIOM_LUCC_sample_v3_scen2.csv
2,IND,NSpeciesExtinctAtFirstYear,2040,8,inner_GLOBIOM_LUCC_sample_v3_scen2.csv
2,SEA,NSpeciesExtinctAtFirstYear,2040,4,inner_GLOBIOM_LUCC_sample_v3_scen2.csv
2,OAS,NSpeciesExtinctAtFirstYear,2040,6,inner_GLOBIOM_LUCC_sample_v3_scen2.csv
2,ANZ,NSpeciesExtinctAtFirstYear,2040,11,inner_GLOBIOM_LUCC_sample_v3_scen2.csv
2,NAM,NSpeciesExtinctAtFirstYear,2040,9,inner_GLOBIOM_LUCC_sample_v3_scen2.csv
2,OAM,NSpeciesExtinctAtFirstYear,2040,17,inner_GLOBIOM_LUCC_sample_v3_scen2.csv
2,AME,NSpeciesExtinctAtFirstYear,2040,30,inner_GLOBIOM_LUCC_sample_v3_scen2.csv
2,SAS,NSpeciesExtinctAtFirstYear,2040,20,inner_GLOBIOM_LUCC_sample_v3_scen2.csv
2,WLD,NSpeciesExtinctAtFirstYear,2040,83,inner_GLOBIOM_LUCC_sample_v3_scen2.csv
2,EUE,NSpeciesExtinctAtFirstYear,2040,4,inner_GLOBIOM_LUCC_sample_v3_scen2.csv
2,CAN,NSpeciesExtinctAtFirstYear,2050,2,inner_GLOBIOM_LUCC_sample_v3_scen2.csv
2,USA,NSpeciesExtinctAtFirstYear,2050,9,inner_GLOBIOM_LUCC_sample_v3_scen2.csv
2,BRA,NSpeciesExtinctAtFirstYear,2050,0,inner_GLOBIOM_LUCC_sample_v3_scen2.csv
2,OSA,NSpeciesExtinctAtFirstYear,2050,17,inner_GLOBIOM_LUCC_sample_v3_scen2.csv
2,FSU,NSpeciesExtinctAtFirstYear,2050,24,inner_GLOBIOM_LUCC_sample_v3_scen2.csv
2,EUR,NSpeciesExtinctAtFirstYear,2050,5,inner_GLOBIOM_LUCC_sample_v3_scen2.csv
2,MEN,NSpeciesExtinctAtFirstYear,2050,25,inner_GLOBIOM_LUCC_sample_v3_scen2.csv
2,SSA,NSpeciesExtinctAtFirstYear,2050,18,inner_GLOBIOM_LUCC_sample_v3_scen2.csv
2,CHN,NSpeciesExtinctAtFirstYear,2050,13,inner_GLOBIOM_LUCC_sample_v3_scen2.csv
2,IND,NSpeciesExtinctAtFirstYear,2050,8,inner_GLOBIOM_LUCC_sample_v3_scen2.csv
2,SEA,NSpeciesExtinctAtFirstYear,2050,4,inner_GLOBIOM_LUCC_sample_v3_scen2.csv
2,OAS,NSpeciesExtinctAtFirstYear,2050,6,inner_GLOBIOM_LUCC_sample_v3_scen2.csv
2,ANZ,NSpeciesExtinctAtFirstYear,2050,11,inner_GLOBIOM_LUCC_sample_v3_scen2.csv
2,NAM,NSpeciesExtinctAtFirstYear,2050,9,inner_GLOBIOM_LUCC_sample_v3_scen2.csv
2,OAM,NSpeciesExtinctAtFirstYear,2050,17,inner_GLOBIOM_LUCC_sample_v3_scen2.csv
2,AME,NSpeciesExtinctAtFirstYear,2050,30,inner_GLOBIOM_LUCC_sample_v3_scen2.csv
2,SAS,NSpeciesExtinctAtFirstYear,2050,20,inner_GLOBIOM_LUCC_sample_v3_scen2.csv
2,WLD,NSpeciesExtinctAtFirstYear,2050,83,inner_GLOBIOM_LUCC_sample_v3_scen2.csv
2,EUE,NSpeciesExtinctAtFirstYear,2050,4,inner_GLOBIOM_LUCC_sample_v3_scen2.csv
2,CAN,NPotSpeciesInRegion,2000,122,inner_GLOBIOM_LUCC_sample_v3_scen2.csv
2,USA,NPotSpeciesInRegion,2000,259,inner_GLOBIOM_LUCC_sample_v3_scen2.csv
2,BRA,NPotSpeciesInRegion,2000,470,inner_GLOBIOM_LUCC_sample_v3_scen2.csv
2,OSA,NPotSpeciesInRegion,2000,794,inner_GLOBIOM_LUCC_sample_v3_scen2.csv
2,FSU,NPotSpeciesInRegion,2000,299,inner_GLOBIOM_LUCC_sample_v3_scen2.csv
2,EUR,NPotSpeciesInRegion,2000,144,inner_GLOBIOM_LUCC_sample_v3_scen2.csv
2,MEN,NPotSpeciesInRegion,2000,233,inner_GLOBIOM_LUCC_sample_v3_scen2.csv
2,SSA,NPotSpeciesInRegion,2000,741,inner_GLOBIOM_LUCC_sample_v3_scen2.csv
2,CHN,NPotSpeciesInRegion,2000,411,inner_GLOBIOM_LUCC_sample_v3_scen2.csv
2,IND,NPotSpeciesInRegion,2000,264,inner_GLOBIOM_LUCC_sample_v3_scen2.csv
2,SEA,NPotSpeciesInRegion,2000,611,inner_GLOBIOM_LUCC_sample_v3_scen2.csv
2,OAS,NPotSpeciesInRegion,2000,288,inner_GLOBIOM_LUCC_sample_v3_scen2.csv
2,ANZ,NPotSpeciesInRegion,2000,185,inner_GLOBIOM_LUCC_sample_v3_scen2.csv
2,NAM,NPotSpeciesInRegion,2000,263,inner_GLOBIOM_LUCC_sample_v3_scen2.csv
2,OAM,NPotSpeciesInRegion,2000,903,inner_GLOBIOM_LUCC_sample_v3_scen2.csv
2,AME,NPotSpeciesInRegion,2000,898,inner_GLOBIOM_LUCC_sample_v3_scen2.csv
2,SAS,NPotSpeciesInRegion,2000,819,inner_GLOBIOM_LUCC_sample_v3_scen2.csv
2,WLD,NPotSpeciesInRegion,2000,2843,inner_GLOBIOM_LUCC_sample_v3_scen2.csv
2,EUE,NPotSpeciesInRegion,2000,139,inner_GLOBIOM_LUCC_sample_v3_scen2.csv
2,CAN,NPotSpeciesInRegion,2010,122,inner_GLOBIOM_LUCC_sample_v3_scen2.csv
2,USA,NPotSpeciesInRegion,2010,259,inner_GLOBIOM_LUCC_sample_v3_scen2.csv
2,BRA,NPotSpeciesInRegion,2010,470,inner_GLOBIOM_LUCC_sample_v3_scen2.csv
2,OSA,NPotSpeciesInRegion,2010,794,inner_GLOBIOM_LUCC_sample_v3_scen2.csv
2,FSU,NPotSpeciesInRegion,2010,299,inner_GLOBIOM_LUCC_sample_v3_scen2.csv
2,EUR,NPotSpeciesInRegion,2010,144,inner_GLOBIOM_LUCC_sample_v3_scen2.csv
2,MEN,NPotSpeciesInRegion,2010,233,inner_GLOBIOM_LUCC_sample_v3_scen2.csv
2,SSA,NPotSpeciesInRegion,2010,741,inner_GLOBIOM_LUCC_sample_v3_scen2.csv
2,CHN,NPotSpeciesInRegion,2010,411,inner_GLOBIOM_LUCC_sample_v3_scen2.csv
2,IND,NPotSpeciesInRegion,2010,264,inner_GLOBIOM_LUCC_sample_v3_scen2.csv
2,SEA,NPotSpeciesInRegion,2010,611,inner_GLOBIOM_LUCC_sample_v3_scen2.csv
2,OAS,NPotSpeciesInRegion,2010,288,inner_GLOBIOM_LUCC_sample_v3_scen2.csv
2,ANZ,NPotSpeciesInRegion,2010,185,inner_GLOBIOM_LUCC_sample_v3_scen2.csv
2,NAM,NPotSpeciesInRegion,2010,263,inner_GLOBIOM_LUCC_sample_v3_scen2.csv
2,OAM,NPotSpeciesInRegion,2010,903,inner_GLOBIOM_LUCC_sample_v3_scen2.csv
2,AME,NPotSpeciesInRegion,2010,898,inner_GLOBIOM_LUCC_sample_v3_scen2.csv
2,SAS,NPotSpeciesInRegion,2010,819,inner_GLOBIOM_LUCC_sample_v3_scen2.csv
2,WLD,NPotSpeciesInRegion,2010,2843,inner_GLOBIOM_LUCC_sample_v3_scen2.csv
2,EUE,NPotSpeciesInRegion,2010,139,inner_GLOBIOM_LUCC_sample_v3_scen2.csv
2,CAN,NPotSpeciesInRegion,2020,122,inner_GLOBIOM_LUCC_sample_v3_scen2.csv
2,USA,NPotSpeciesInRegion,2020,259,inner_GLOBIOM_LUCC_sample_v3_scen2.csv
2,BRA,NPotSpeciesInRegion,2020,470,inner_GLOBIOM_LUCC_sample_v3_scen2.csv
2,OSA,NPotSpeciesInRegion,2020,794,inner_GLOBIOM_LUCC_sample_v3_scen2.csv
2,FSU,NPotSpeciesInRegion,2020,299,inner_GLOBIOM_LUCC_sample_v3_scen2.csv
2,EUR,NPotSpeciesInRegion,2020,144,inner_GLOBIOM_LUCC_sample_v3_scen2.csv
2,MEN,NPotSpeciesInRegion,2020,233,inner_GLOBIOM_LUCC_sample_v3_scen2.csv
2,SSA,NPotSpeciesInRegion,2020,741,inner_GLOBIOM_LUCC_sample_v3_scen2.csv
2,CHN,NPotSpeciesInRegion,2020,411,inner_GLOBIOM_LUCC_sample_v3_scen2.csv
2,IND,NPotSpeciesInRegion,2020,264,inner_GLOBIOM_LUCC_sample_v3_scen2.csv
2,SEA,NPotSpeciesInRegion,2020,611,inner_GLOBIOM_LUCC_sample_v3_scen2.csv
2,OAS,NPotSpeciesInRegion,2020,288,inner_GLOBIOM_LUCC_sample_v3_scen2.csv
2,ANZ,NPotSpeciesInRegion,2020,185,inner_GLOBIOM_LUCC_sample_v3_scen2.csv
2,NAM,NPotSpeciesInRegion,2020,263,inner_GLOBIOM_LUCC_sample_v3_scen2.csv
2,OAM,NPotSpeciesInRegion,2020,903,inner_GLOBIOM_LUCC_sample_v3_scen2.csv
2,AME,NPotSpeciesInRegion,2020,898,inner_GLOBIOM_LUCC_sample_v3_scen2.csv
2,SAS,NPotSpeciesInRegion,2020,819,inner_GLOBIOM_LUCC_sample_v3_scen2.csv
2,WLD,NPotSpeciesInRegion,2020,2843,inner_GLOBIOM_LUCC_sample_v3_scen2.csv
2,EUE,NPotSpeciesInRegion,2020,139,inner_GLOBIOM_LUCC_sample_v3_scen2.csv
2,CAN,NPotSpeciesInRegion,2030,122,inner_GLOBIOM_LUCC_sample_v3_scen2.csv
2,USA,NPotSpeciesInRegion,2030,259,inner_GLOBIOM_LUCC_sample_v3_scen2.csv
2,BRA,NPotSpeciesInRegion,2030,470,inner_GLOBIOM_LUCC_sample_v3_scen2.csv
2,OSA,NPotSpeciesInRegion,2030,794,inner_GLOBIOM_LUCC_sample_v3_scen2.csv
2,FSU,NPotSpeciesInRegion,2030,299,inner_GLOBIOM_LUCC_sample_v3_scen2.csv
2,EUR,NPotSpeciesInRegion,2030,144,inner_GLOBIOM_LUCC_sample_v3_scen2.csv
2,MEN,NPotSpeciesInRegion,2030,233,inner_GLOBIOM_LUCC_sample_v3_scen2.csv
2,SSA,NPotSpeciesInRegion,2030,741,inner_GLOBIOM_LUCC_sample_v3_scen2.csv
2,CHN,NPotSpeciesInRegion,2030,411,inner_GLOBIOM_LUCC_sample_v3_scen2.csv
2,IND,NPotSpeciesInRegion,2030,264,inner_GLOBIOM_LUCC_sample_v3_scen2.csv
2,SEA,NPotSpeciesInRegion,2030,611,inner_GLOBIOM_LUCC_sample_v3_scen2.csv
2,OAS,NPotSpeciesInRegion,2030,288,inner_GLOBIOM_LUCC_sample_v3_scen2.csv
2,ANZ,NPotSpeciesInRegion,2030,185,inner_GLOBIOM_LUCC_sample_v3_scen2.csv
2,NAM,NPotSpeciesInRegion,2030,263,inner_GLOBIOM_LUCC_sample_v3_scen2.csv
2,OAM,NPotSpeciesInRegion,2030,903,inner_GLOBIOM_LUCC_sample_v3_scen2.csv
2,AME,NPotSpeciesInRegion,2030,898,inner_GLOBIOM_LUCC_sample_v3_scen2.csv
2,SAS,NPotSpeciesInRegion,2030,819,inner_GLOBIOM_LUCC_sample_v3_scen2.csv
2,WLD,NPotSpeciesInRegion,2030,2843,inner_GLOBIOM_LUCC_sample_v3_scen2.csv
2,EUE,NPotSpeciesInRegion,2030,139,inner_GLOBIOM_LUCC_sample_v3_scen2.csv
2,CAN,NPotSpeciesInRegion,2040,122,inner_GLOBIOM_LUCC_sample_v3_scen2.csv
2,USA,NPotSpeciesInRegion,2040,259,inner_GLOBIOM_LUCC_sample_v3_scen2.csv
2,BRA,NPotSpeciesInRegion,2040,470,inner_GLOBIOM_LUCC_sample_v3_scen2.csv
2,OSA,NPotSpeciesInRegion,2040,794,inner_GLOBIOM_LUCC_sample_v3_scen2.csv
2,FSU,NPotSpeciesInRegion,2040,299,inner_GLOBIOM_LUCC_sample_v3_scen2.csv
2,EUR,NPotSpeciesInRegion,2040,144,inner_GLOBIOM_LUCC_sample_v3_scen2.csv
2,MEN,NPotSpeciesInRegion,2040,233,inner_GLOBIOM_LUCC_sample_v3_scen2.csv
2,SSA,NPotSpeciesInRegion,2040,741,inner_GLOBIOM_LUCC_sample_v3_scen2.csv
2,CHN,NPotSpeciesInRegion,2040,411,inner_GLOBIOM_LUCC_sample_v3_scen2.csv
2,IND,NPotSpeciesInRegion,2040,264,inner_GLOBIOM_LUCC_sample_v3_scen2.csv
2,SEA,NPotSpeciesInRegion,2040,611,inner_GLOBIOM_LUCC_sample_v3_scen2.csv
2,OAS,NPotSpeciesInRegion,2040,288,inner_GLOBIOM_LUCC_sample_v3_scen2.csv
2,ANZ,NPotSpeciesInRegion,2040,185,inner_GLOBIOM_LUCC_sample_v3_scen2.csv
2,NAM,NPotSpeciesInRegion,2040,263,inner_GLOBIOM_LUCC_sample_v3_scen2.csv
2,OAM,NPotSpeciesInRegion,2040,903,inner_GLOBIOM_LUCC_sample_v3_scen2.csv
2,AME,NPotSpeciesInRegion,2040,898,inner_GLOBIOM_LUCC_sample_v3_scen2.csv
2,SAS,NPotSpeciesInRegion,2040,819,inner_GLOBIOM_LUCC_sample_v3_scen2.csv
2,WLD,NPotSpeciesInRegion,2040,2843,inner_GLOBIOM_LUCC_sample_v3_scen2.csv
2,EUE,NPotSpeciesInRegion,2040,139,inner_GLOBIOM_LUCC_sample_v3_scen2.csv
2,CAN,NPotSpeciesInRegion,2050,122,inner_GLOBIOM_LUCC_sample_v3_scen2.csv
2,USA,NPotSpeciesInRegion,2050,259,inner_GLOBIOM_LUCC_sample_v3_scen2.csv
2,BRA,NPotSpeciesInRegion,2050,470,inner_GLOBIOM_LUCC_sample_v3_scen2.csv
2,OSA,NPotSpeciesInRegion,2050,794,inner_GLOBIOM_LUCC_sample_v3_scen2.csv
2,FSU,NPotSpeciesInRegion,2050,299,inner_GLOBIOM_LUCC_sample_v3_scen2.csv
2,EUR,NPotSpeciesInRegion,2050,144,inner_GLOBIOM_LUCC_sample_v3_scen2.csv
2,MEN,NPotSpeciesInRegion,2050,233,inner_GLOBIOM_LUCC_sample_v3_scen2.csv
2,SSA,NPotSpeciesInRegion,2050,741,inner_GLOBIOM_LUCC_sample_v3_scen2.csv
2,CHN,NPotSpeciesInRegion,2050,411,inner_GLOBIOM_LUCC_sample_v3_scen2.csv
2,IND,NPotSpeciesInRegion,2050,264,inner_GLOBIOM_LUCC_sample_v3_scen2.csv
2,SEA,NPotSpeciesInRegion,2050,611,inner_GLOBIOM_LUCC_sample_v3_scen2.csv
2,OAS,NPotSpeciesInRegion,2050,288,inner_GLOBIOM_LUCC_sample_v3_scen2.csv
2,ANZ,NPotSpeciesInRegion,2050,185,inner_GLOBIOM_LUCC_sample_v3_scen2.csv
2,NAM,NPotSpeciesInRegion,2050,263,inner_GLOBIOM_LUCC_sample_v3_scen2.csv
2,OAM,NPotSpeciesInRegion,2050,903,inner_GLOBIOM_LUCC_sample_v3_scen2.csv
2,AME,NPotSpeciesInRegion,2050,898,inner_GLOBIOM_LUCC_sample_v3_scen2.csv
2,SAS,NPotSpeciesInRegion,2050,819,inner_GLOBIOM_LUCC_sample_v3_scen2.csv
2,WLD,NPotSpeciesInRegion,2050,2843,inner_GLOBIOM_LUCC_sample_v3_scen2.csv
2,EUE,NPotSpeciesInRegion,2050,139,inner_GLOBIOM_LUCC_sample_v3_scen2.csv
